Store,Product,Price
eMAG,"Laptop Apple MacBook Air 15"", cu procesor Apple M4, 10 nuclee CPU si 10 nuclee GPU, 16GB, 256GB, Midnight, Tastatura Internationala, Manual RO","5.399,99"
eMAG,"Laptop Lenovo ThinkPad X1 Carbon Gen 13 Aura Edition, 21NS004MBM, 14"", Intel Core Ultra 7 258V (8-core), Intel Arc 140V 8 Core, 32GB 8533MHz LPDDR5x, Albastru","17.233,85"
eMAG,"Laptop Lenovo LOQ 17IRX10, 83JH003RBM, 17.3"", Intel Core i7-13650HX (14-core), NVIDIA GeForce RTX 5060 (8GB GDDR7), 32GB 4800MHz (2x16GB) DDR5, Gri","9.232,94"
eMAG,"Laptop Gaming Acer Nitro V 15 ANV15-52-953S cu procesor Intel® Core™ i9-13900H pana la 5.4GHZ, 15.6"" Full HD, IPS, 165Hz, 32GB DDR4, 1TB SSD, NVIDIA® GeForce RTX™ 5060, No OS, Black","6.999,99"
eMAG,"Laptop ASUS Vivobook S16 S5606CA cu procesor Intel® Core™ Ultra 7 255H pana la 5.1 GHz, 16'', 3K, OLED, 120Hz, 16GB LPDDR5X RAM, 1TB SSD, Intel® Arc™ Graphics, Windows 11 Pro, Mist Blue","7.229,38"
eMAG,"Laptop Gaming Lenovo Legion Pro 7 16IAX10H cu procesor Intel® Core™ Ultra 9 275HX pana la 5.4GHz, 16"" WQXGA, OLED, 240Hz, 32GB DDR5 RAM, 1TB SSD, NVIDIA® GeForce RTX™ 5080 16GB GDDR7, No OS, Eclipse Black, 3y on-site Premium Care","17.499,99"
eMAG,"Laptop Business Dell Pro 15 Essential cu procesor Intel® Core™ i5-1334U pana la 4.60 GHz, 15.6"", Full HD, 120Hz, 16GB RAM, 512GB SSD, Intel® UHD Graphics, Ubuntu, FPR, Backlit, 3y ProSupport and Next Business Day Onsite","2.599,99"
eMAG,"Laptop Lenovo V15 G4 IRU cu procesor Intel® Core™ i5-13420H pana la 4.6GHz, 15.6"" Full HD, IPS, 16GB DDR4 RAM, 512GB SSD, Intel® UHD Graphics, No OS, Business Black","2.499,99"
eMAG,"Laptop Lenovo IdeaPad Pro 5 16AKP10, 83JN002EBM, 16"", AMD Ryzen AI 7 350 (8-core), NVIDIA GeForce RTX 5050 (8GB GDDR7), 32GB 8000MHz LPDDR5x, Argintiu","10.194,07"
eMAG,"Laptop Lenovo IdeaPad Slim 3 16AHP10, 83KB002UBM, 16"", AMD Ryzen 7 8840HS (8 nuclee), AMD Radeon 780M, 24GB 5600MHz (1x8GB onboard) DDR5, Gri","5.961,01"
eMAG,"Laptop Lenovo ThinkPad T14 Gen 6, 21QG001JBM, 14"", Intel Core Ultra 7 258V (8-core), Intel Arc 140V 8 Core, 32GB 8533MHz LPDDR5x, Negru","12.576,45"
eMAG,"Laptop Lenovo ThinkPad T14s Gen 6, 21QX00HFBM, 14"", Intel Core Ultra 7 258V (8-core), Integrated Intel Arc Graphics 140V, 32GB 8533MHz LPDDR5x, Black","13.011,01"
eMAG,"Laptop Lenovo ThinkPad X1 2-in-1 Gen 10 Aura Edition, 21NU0023BM, 14"", Intel Core Ultra 7 258V (8-core), Integrated Intel Arc Graphics 140V, 32GB 8533MHz LPDDR5x, Negru","18.358,58"
eMAG,"Laptop Lenovo ThinkPad X13 Gen 6, 21RM001JBM, 13.3"", AMD Ryzen AI 7 350 (8-core), AMD Radeon 860M, 32GB 8000MHz LPDDR5x, Negru","12.842,30"
eMAG,"Laptop Acer Nitro V16 AI ANV16-61-R1PQ, NH.QUKEX.004, 16"", AMD Ryzen AI 7 350 (8-core), NVIDIA GeForce RTX 5050 (8GB GDDR7), 32GB 5600MHz (2x16GB) DDR5, Negru","8.409,85"
eMAG,"Laptop Lenovo TP E14 G7 / 21U20058BM, 21U20058BM, 14"", Intel Core Ultra 7 258V (8-core), Integrated Intel Arc Graphics 140V, 32GB 8533MHz LPDDR5x, Negru","7.377,14"
eMAG,"Laptop Lenovo ThinkBook 14 G8 IAL, 21SJ007EBM, 14"", Intel Core Ultra 7 255H (16-core), Intel Arc 140T GPU, 16GB 5600MHz (1x16GB) DDR5, Gri","5.684,94"
eMAG,"Laptop Lenovo ThinkPad T14s Gen 6, 21QX000TBM, 14"", Intel Core Ultra 5 228V (8 nuclee), Intel Arc 130V 7 Core, 32GB 8533MHz LPDDR5x, Negru","9.912,89"
eMAG,"Laptop Lenovo ThinkBook 16 G9 AHP cu AMD Ryzen 7 250 (3.3/5.1GHz, 16M), 32 GB, 512GB M.2 NVMe SSD, AMD Radeon 780M, Free DOS, Gri","5.684,94"
eMAG,"Laptop Business Dell Pro 15 Essential cu procesor Intel® Core™ i7-1355U pana la 5.00 GHz, 15.6"", Full HD, 120Hz, 16GB RAM, 512GB SSD, Intel® UHD Graphics, Windows 11 Pro, FPR, Backlit, 3y ProSupport and Next Business Day Onsite","3.899,99"
eMAG,"Laptop Acer Aspire Lite 15 AL15-41P-R7LQ cu procesor AMD Ryzen™ 3 5300U pana la 3.80 GHz, 15,6"" , Full HD, IPS 16GB DDR4 RAM, 512GB SSD, AMD Radeon™ Graphics, No OS, Light Silver","1.799,99"
eMAG,"Laptop Lenovo ThinkPad T16 Gen 4, 21QE003SBM, 16"", Intel Core Ultra 5 225U (12-core), Intel Iris Xe Graphics, 32GB 5600MHz (2x16GB) DDR5, Negru","11.037,62"
eMAG,"Laptop Gaming ASUS TUF F16 FX607VJ cu procesor Intel® Core™ 5 210H pana la 4.8GHz, 16'', Full HD+, WUXGA, 144Hz, IPS, 32GB DDR4 RAM, 512GB SSD, NVIDIA® GeForce RTX™ 3050 6GB GDDR6, No OS, Mecha Gray","4.299,99"
eMAG,"Laptop Lenovo IdeaPad Slim 3 16IRH10 cu procesor Intel® Core™ i7-13620H pana la 4.9GHz, 16"" WUXGA, IPS, 24GB DDR5 RAM, 1TB SSD, Intel® UHD Graphics, No OS, Cosmic Blue, Aluminiu","3.699,99"
eMAG,"Laptop Lenovo IdeaPad Slim 3 15IRH10, 83K1007FBM, 15.3"", Intel Core i7-13620H (10-core), Intel Iris Xe Graphics, 24GB (8GB onboard + 16GB) 4800MHz DDR5, Gri","4.662,46"
eMAG,"Laptop 14"" cu procesor Intel Celeron N4120, 8GB RAM, 512GB SSD, 1920*1080 FHD, Windows 11 Pro, Intel® UHD Graphics 600, 5GHz Wifi, 5000mAh, Argintiu","1.299,54"
eMAG,"Laptop Lenovo IdeaPad Slim 3 15IRH10, 83K10079BM, 15.3"", Intel Core i5-13420H (8 nuclee), Intel Iris Xe Graphics, 16GB 4800MHz (1x 8GB integrat) DDR5, Albastru","3.711,55"
eMAG,"Laptop Lenovo ThinkPad E14 G7 cu Intel Core 5 210H (1.6/4.8 GHz, 12M), 16 GB, 1TB M.2 NVMe SSD, Intel UHD Graphics Xe G4 48EUs, Windows 11 Home, Negru","6.819,89"
eMAG,"Laptop Lenovo Legion Pro 7 16IAX10H, 83F50046BM, 16"", Intel Core Ultra 9 275HX (24-core), NVIDIA GeForce RTX 5080 (16 GB GDDR7), 32GB 6400MHz (2x16GB) LPDDR5X, Negru","19.641,79"
eMAG,"Laptop ASUS Vivobook 16 X1607QA cu procesor Snapdragon® X X1 26 100 pana la 2.97GHz, 16'', WUXGA, IPS, 16GB LPDDR5X RAM, 1TB SSD, Qualcomm® Adreno™ GPU, Windows 11 Home, Quiet Blue","3.199,99"
eMAG,"Laptop Apple MacBook Pro 14"" cu procesor Apple M5, 10 nuclee CPU si 10 nuclee GPU, 24GB RAM, 1TB SSD, Space Black, Tastatura Internationala, Manual RO","10.499,99"
eMAG,"Laptop Gaming MSI Cyborg 15 B13WEKG cu procesor Intel® Core™ i7-13620H pana la 4.90 GHz, 15.6"", Full HD, 144Hz, 16GB RAM, 512GB SSD, NVIDIA GeForce RTX 5050 8GB, Free DOS","4.999,99"
eMAG,"Laptop ASUS Vivobook Go 15 E1504FA cu procesor AMD Ryzen™ 5 7520U pana la 4.3GHz, 15.6'', Full HD, IPS, 8GB LPDDR5 RAM, 512GB SSD, AMD Radeon™ Graphics, No OS, Mixed Black","1.799,99"
eMAG,"Laptop Apple MacBook Air 13"", cu procesor Apple M4, 10 nuclee CPU si 10 nuclee GPU, 16GB RAM, 512GB, Sky Blue, Tastatura Internationala, Manual RO","5.499,99"
eMAG,"Laptop Lenovo IdeaPad Slim 5 13ARP10 cu procesor AMD Ryzen™ 5 7535HS pana la 4.55GHz, 13.3'' WUXGA, IPS, 16GB LPDDR5x RAM, 512GB SSD, AMD Radeon™ 660M Graphics, No OS, Polar Blue","2.899,99"
eMAG,"Laptop Lenovo IdeaPad Slim 5 16IRH10 cu procesor Intel® Core™ i5-13420H pana la 4.6GHz, 16"" WUXGA, IPS, 16GB DDR5 RAM, 1TB SSD, Intel® UHD Graphics, No OS, Luna Grey","3.099,99"
eMAG,"Laptop ASUS Vivobook S14 S3407VA cu procesor Intel® Core™ 5 210H pana la 4.80 GHz, 14'', WUXGA, IPS, 16GB DDR5 RAM, 1TB SSD, Intel® UHD Graphics, Windows 11 Home, Matte Gray","3.399,99"
eMAG,"Laptop Asus Vivobook 16 X1605VA-SH2557, X1605VA-SH2557, 16"", Intel Core 9 270H (14-core), Intel UHD Graphics, 24GB (8GB onboard + 16GB) DDR5, Argintiu","6.323,99"
eMAG,"Laptop Lenovo Yoga Pro 7 14IAH10 cu procesor Intel® Core Ultra 7 255H pana la 5.1GHz, 14.5"" 3K, OLED, 120Hz, Touch, 32GB LPDDR5x RAM, 1TB SSD, Intel® Arc™ Graphics, Windows® 11 Pro, Luna Grey, 3y on-site Premium Care","7.299,99"
eMAG,"Laptop Lenovo IdeaPad Slim 3 16ARP10, 83K8004FBM, 16"", AMD Ryzen 5 7535HS (6-core), AMD Radeon 660M, 16GB 4800MHz (1x 8GB onboard) DDR5, Gri","3.599,08"
eMAG,"Laptop Lenovo IdeaPad Slim 3 14ARP10, 83K60047BM, 14"", AMD Ryzen 5 7535HS (6-core), AMD Radeon 660M, 16GB 4800MHz (1x 8GB onboard) DDR5, Albastru","3.532,62"
eMAG,"Laptop ASUS Vivobook S16 S3607VA cu procesor Intel Core i5-13420H pana la 4.6GHz, 16'', WUXGA, IPS, 144Hz, 16GB DDR5 RAM, 1TB SSD, Intel UHD Graphics, No OS, Matte Gray","3.299,99"
eMAG,"Laptop Dell Pro 15 Essential PV15250 cu procesor Intel® Core™ i5-1334U pana la 4.60 GHz, 15.6"" FullHD, 120Hz, 16GB DDR4, 1TB SSD, Intel Integrated Graphics, Windows 11 Pro, Platinum Silver","3.449,99"
eMAG,"Laptop Lenovo IdeaPad Slim 5 14IRH10R cu procesor Intel® Core™ 7 240H pana la 5.2GHz, 14"" WUXGA, OLED, 32GB DDR5 RAM, 1TB SSD, Intel® Graphics, No OS, Cosmic Blue","4.299,99"
eMAG,"Laptop Lenovo V15 G5 IRL cu procesor Intel® Core i7-13620H pana la 4.90 GHz, 15.6"" FHD, 16GB RAM, 512GB SSD, Intel® UHD Graphics, No OS","2.843,50"
eMAG,"Laptop Energizer EnergyBook cu procesor Intel® Celeron® N4020 pana la 2.80GHz, 15.6'', HD+, 8GB RAM, 256GB SSD, Intel® UHD Graphics 600, Windows 11 Home, Grey","1.399,99"
eMAG,"Laptop Lenovo ThinkPad T14s 2-in-1 Gen 1, 21R3004KBM, 14"", Intel Core Ultra 7 255U (12-core), Intel Arc 4 Core, 32GB 7467MHz onboard LPDDR5X, Negru","14.365,79"
eMAG,"Laptop Lenovo LOQ Essential 15ARP10, 83S00054BM, 15.6"", AMD Ryzen 7 7735HS (8-core), NVIDIA GeForce RTX 4050 (6GB GDDR6), 16GB 4800MHz (1x16GB) DDR5, Gri","6.252,41"
eMAG,"Laptop Asus ROG Strix SCAR 16 G635LX-RW103X, G635LX-RW103X, 16"", Intel Core Ultra 9 275HX (24-core), NVIDIA GeForce RTX 5090 (24 GB GDDR7), 64GB 5600MHz (2x32GB) DDR5, Negru","28.864,56"
eMAG,"Laptop MSI Katana 15 HX B14WEK, 9S7-1587C1-214, 15.6"", Intel Core i7-14650HX (16-core), NVIDIA GeForce RTX 5050 (8GB GDDR7), 16GB 5600MHz (2x8GB) DDR5, Negru","8.195,13"
eMAG,"Laptop Asus ROG Strix G16 G615LW-S5031W, G615LW-S5031W, 16"", Intel Core Ultra 9 275HX (24-core), NVIDIA GeForce RTX 5080 (16 GB GDDR7), 32GB 5600MHz (2x16GB) DDR5, Negru","21.656,08"
eMAG,"Laptop Lenovo IdeaPad Pro 5 16IAH10, 83JM000LBM, 16"", Intel Core Ultra 9 285H (16-core), NVIDIA GeForce RTX 5050 (8GB GDDR7), 32GB 8400MHz LPDDR5X, Gri","11.318,80"
eMAG,"Laptop Lenovo Legion Pro 5 16IAX10, 83F3002HBM, 16"", Intel Core Ultra 7 255HX (12-core), NVIDIA GeForce RTX 5070 (8GB GDDR7), 32GB 6400MHz (2x16GB) DDR5, Negru","14.585,63"
eMAG,"Laptop Lenovo V15 G5 IRL, 83GW007WBM, 15.6"", Intel Core i3-1315U (6-core), Intel Iris Xe Graphics, 8GB 5200MHz (1x8GB) DDR5, Negru","2.643,06"
eMAG,"Laptop Lenovo IdeaPad Flex 5 14ABR8, 82XX00GDBM, 14"", AMD Ryzen 7 5825U (8-core), AMD Radeon Graphics, 16GB 4266Mhz LPDDR4X, Argintiu","4.785,16"
eMAG,"Laptop Lenovo ThinkPad T14 G6, 21QG000VBM, 14"", Intel Core Ultra 5 228V (8-core), Intel Arc 130V 7 Core, 32GB 8533MHz LPDDR5x, Negru","11.400,60"
eMAG,"Laptop Lenovo ThinkPad T16 G4, 21QE0044BM, 16"", Intel Core Ultra 7 255U (12 nuclee), Intel Arc 8 Core, 32GB 5600MHz (2x16GB) DDR5, Negru","12.612,24"
eMAG,"Laptop Lenovo IdeaPad Pro 5 14AKP10, 83JL000VBM, AMD Ryzen AI 5 340 (6-core), AMD Radeon 840M Graphics, 32GB 8000MHz LPDDR5x, Gri","6.191,07"
eMAG,"Laptop Asus ROG Zephyrus G16 vGU605CW-QR092X, GU605CW-QR092X, 16"", Intel Core Ultra 9 285H (16 nuclee), NVIDIA GeForce RTX 5080 (16 GB GDDR7), 64GB 7467MHz LPDDR5x, Gri","25.868,69"
eMAG,"Laptop Lenovo IdeaPad Slim 3 15IRH10 cu procesor Intel® Core i5-13420H pana la 4.6GHz, 15.3"" WUXGA, IPS, 16GB DDRR5 RAM, 512GB SSD, Intel® UHD Graphics, Windows® 11 Home, Luna Grey","3.149,99"
eMAG,"Laptop ASUS Vivobook S16 OLED M5606KA cu procesor AMD Ryzen™ AI 7 350 pana la 5.0GHz, 16'', 3K, OLED, 120Hz, 24GB LPDDR5X RAM, 1TB SSD, AMD Radeon™ Graphics, No OS, Neutral Black","6.018,37"
eMAG,"Laptop 15.6"" cu procesor Intel Alder Lake N95, 16GB RAM, 512GB SSD, 1920*1080 FHD, Windows 11 Pro, Intel® UHD Graphics 600, 5GHz Wifi, 5000mAh, Argintiu","1.698,84"
eMAG,"Laptop Lenovo IdeaPad Slim 5 14AKP10 cu procesor AMD Ryzen™ AI 7 350 pana la 5.0GHz, 14"" WUXGA, OLED, 32GB DDR5 RAM, 1TB SSD, AMD Radeon™ 860M Graphics, No OS, Cosmic Blue","4.769,82"
eMAG,"Laptop Lenovo Yoga Slim 7 14ILL10 cu procesor Intel® Core™ Ultra 5 226V pana la 4.5GHz, 14"" WUXGA, OLED, 16GB LPDDR5x RAM, 512GB SSD, Intel® Arc™ Graphics, Windows® 11 Home, Luna Grey, 3y on-site Premium Care","5.449,84"
eMAG,"Laptop Apple MacBook Air 13"", cu procesor Apple M4, 10 nuclee CPU si 8 nuclee GPU, 16GB RAM, 256GB, Midnight, Tastatura Internationala, Manual RO","4.499,99"
eMAG,"Laptop Gaming Lenovo Legion 5 15AHP10 cu procesor AMD Ryzen™ 7 260 pana la 5.1GHz, 15.1"" WQXGA, OLED, 165Hz, 24GB DDR5, 1TB SSD, NVIDIA® GeForce RTX™ 5050 8GB GDDR7, NO OS, Eclipse Black, 3y Premium Care","6.909,10"
eMAG,"Apple MacBook Neo 13"" Retina cu procesor Apple A18 Pro 6 nuclee CPU, 5 nuclee GPU, 16 nuclee NeuralEngine, 8GB RAM, 256GB SSD, Indigo, Tastatura Internationala, Manual RO","3.299,99"
eMAG,"Laptop Lenovo Yoga Pro 7 14IMH9 cu procesor Intel® Core™ Ultra 7 155H pana la 4.8GHz, 14.5"", 2.8K, OLED, 120Hz, 32GB LPDDR5x, 1TB SSD, NVIDIA® GeForce RTX™ 4050 6GB GDDR6, No OS, Tidal Teal, 3y on-site Premium Care","9.199,63"
eMAG,"Laptop Gaming Acer Nitro V16 ANV16-71-7180 cu procesor Intel® Core™ i7-14650HX pana la 5.2GHz, 16'', WUXGA, IPS, 165Hz, 16GB DDR5 RAM, 1TB SSD, NVIDIA® GeForce RTX™ 4060 8GB GDDR6, No OS, Obsidian Black","6.359,76"
eMAG,"Laptop Gaming Lenovo Legion Pro 5 16IAX10H cu procesor Intel® Core™ Ultra 9 275HX pana la 5.4GHz, 16"" WQXGA, OLED, 165Hz, 32GB DDR5 RAM, 1TB SSD, NVIDIA® GeForce RTX™ 5070 Ti 12GB GDDR7, No OS, Eclipse Black, 3y on-site Premium Care","10.999,99"
eMAG,"Laptop Lenovo Yoga 7 2-in-1 16ILL10 cu procesor Intel® Core Ultra 7 256V pana la 4.8GHz, 16"" 2.8K, WQXGA+, OLED, 120Hz, Touch, 16GB LPDDR5x RAM, 512GB SSD, Intel® Arc™ Graphics, Windows 11 Home, Luna Grey, 3y on-site Premium Care","6.828,18"
eMAG,"Apple MacBook Neo 13"" Retina cu procesor Apple A18 Pro 6 nuclee CPU, 5 nuclee GPU, 16 nuclee NeuralEngine, 8GB RAM, 512GB SSD, Indigo, Tastatura Internationala, Manual RO","3.799,99"
eMAG,"Apple MacBook Neo 13"" Retina cu procesor Apple A18 Pro 6 nuclee CPU, 5 nuclee GPU, 16 nuclee NeuralEngine, 8GB RAM, 256GB SSD, Blush, Tastatura Internationala, Manual RO","3.299,99"
eMAG,"Laptop ASUS Vivobook Go 15 E510KA cu procesor Intel® Celeron® N4500 pana la 2.8GHz, 15.6'', Full HD, 8GB DDR4 RAM, 512GB SSD, Intel® HD Graphics, No OS, Rose Pink","1.499,99"
eMAG,"Laptop Gaming ASUS ROG Zephyrus G16 GU605CX cu procesor Intel® Core™ Ultra 9 285H pana la 5.4GHz, 16"", 2.5K WQXGA, OLED, 240Hz, G-Sync, 64GB LPDDR5X, 2TB SSD, NVIDIA® GeForce RTX™ 5090 24GB GDDR7, No OS, Platinum White","27.012,77"
eMAG,"Apple MacBook Air 13'' cu procesor Apple M5, 10 nuclee CPU, 8 nuclee GPU, 16GB RAM, 512GB SSD, Midnight, Tastatura Internationala, Manual RO","5.799,99"
eMAG,"Laptop Acer Extensa 15 EXO15-51-53CF, 15.6"" (39.6cm), Acer ComfyView™ FHD IPS Display with LED-backlight, 1920 x 1080, 16:9, Intel® Core™ Ultra 5 Processor 115U, 1.5 GHz base clock (up to 4.2 GHz max. performance clock rate), 10 MB Intel® Smart Cache, 2","2.810,74"
eMAG,"Apple MacBook Neo 13"" Retina cu procesor Apple A18 Pro 6 nuclee CPU, 5 nuclee GPU, 16 nuclee NeuralEngine, 8GB RAM, 512GB SSD, Blush, Tastatura Internationala, Manual RO","3.799,99"
eMAG,"Laptop ASUS Zenbook A14 UX3407RA cu procesor Snapdragon® X Elite X1E 78 100 pana la 3.4GHz, 14'', WUXGA, OLED, 16GB LPDDR5X RAM, 1TB SSD, Qualcomm® Adreno™ GPU, Windows 11 Pro, Iceland Gray","5.749,92"
eMAG,"Apple MacBook Neo 13"" Retina cu procesor Apple A18 Pro 6 nuclee CPU, 5 nuclee GPU, 16 nuclee NeuralEngine, 8GB RAM, 512GB SSD, Citrus, Tastatura Internationala, Manual RO","3.799,99"
eMAG,"Laptop Apple MacBook Air 13"", cu procesor Apple M3, 8 nuclee CPU si 8 nuclee GPU, 8GB, 256GB, Midnight, INT KB","7.099,07"
eMAG,"Laptop Lenovo IdeaPad Slim 3 15IRU8 cu procesor Intel® Processor U300 pana la 4.4GHz, 15.6"" Full HD, IPS, 8GB DDR5 RAM, 128GB UFS, Intel® UHD Graphics, Windows 11 Home, Abyss Blue","1.749,99"
eMAG,"Laptop Apple MacBook Air 13.6"" Retina, 24GB RAM, 512GB SSD, Albastru, Ultraportabil","7.882,53"
eMAG,"Laptop Apple MacBook Air 15"", cu procesor Apple M4, 10 nuclee CPU si 10 nuclee GPU, 16GB RAM, 256GB, Sky Blue, Tastatura Internationala, Manual RO","5.499,99"
eMAG,"Laptop ASUS Vivobook 15 M1502YA cu procesor AMD Ryzen™ 7 7730U pana la 4.5GHz, 15.6'', Full HD, IPS, 16GB DDR4, 512GB SSD, AMD Radeon™ Graphics, No OS, Cool Silver","2.499,99"
eMAG,"Apple MacBook Neo 13"" Retina cu procesor Apple A18 Pro 6 nuclee CPU, 5 nuclee GPU, 16 nuclee NeuralEngine, 8GB RAM, 256GB SSD, Silver, Tastatura Internationala, Manual RO","3.299,99"
eMAG,"Laptop ASUS Vivobook 16 A1605VA cu procesor Intel® Core™ i7-13620H pana la 4.9GHz, 16'', WUXGA, IPS, 16GB DDR4 RAM, 1TB SSD, Intel® UHD Graphics, No OS, Indie Black","3.099,99"
eMAG,"Laptop Gaming Lenovo Legion 7 16AGP11 cu procesor AMD Ryzen™ AI 9 HX 470 pana la 5.2GHz, 16"" WQXGA, OLED, 32GB LPDDR5x, 1TB SSD, NVIDIA GeForce RTX™ 5060 8GB GDDR7, NO OS, Glacier White, 3Y Premium Care","11.999,99"
eMAG,"Laptop Apple MacBook Air 13"", cu procesor Apple M4, 10 nuclee CPU si 10 nuclee GPU, 24GB RAM, 512GB, Midnight, Tastatura Internationala, Manual RO","6.399,99"
eMAG,"Laptop ASUS Vivobook 15 E1504FA cu procesor AMD Ryzen™ 3 7320U pana la 4.1GHz, 15.6'', Full HD, IPS, 8GB LPDDR5 RAM, 512GB SSD, AMD Radeon™ Graphics, No OS, Mixed Black","1.749,99"
eMAG,"Laptop Lenovo V15 G4 IRU cu procesor lntel® Core™ i5-13420H pana la 4.6GHz, 15.6"", Full HD, IPS, 16GB DDR4 RAM, 1TB SSD, Intel® UHD Graphics, No OS, Business Black","2.699,99"
eMAG,"Laptop Apple MacBook Air 13"", cu procesor Apple M4, 10 nuclee CPU si 8 nuclee GPU, 16GB RAM, 256GB, Sky Blue, Tastatura Internationala, Manual RO","4.499,99"
eMAG,"Laptop Gaming Intel i5-12600H pana la 4.50 GHz, 15.6'', Full HD, 16GB DDR4 512GB NVMe SSD, Windows 11 Pro, BT5.2, WiFi 6, Type-C, Camera web, HDMI","2.574,78"
eMAG,"Laptop Gaming Lenovo Legion Pro 7 16IAX10H cu procesor Intel® Core™ Ultra 9 275HX pana la 5.4GHz, 16"" WQXGA, OLED, 240Hz, 64GB DDR5 RAM, 1TB SSD, NVIDIA® GeForce RTX™ 5080 16GB GDDR7, No OS, Eclipse Black, 3y on-site Premium Care","18.999,99"
eMAG,"Apple MacBook Neo 13"" Retina cu procesor Apple A18 Pro 6 nuclee CPU, 5 nuclee GPU, 16 nuclee NeuralEngine, 8GB RAM, 512GB SSD, Silver, Tastatura Internationala, Manual RO","3.799,99"
eMAG,"Laptop Gaming MSI Titan 18 HX AI A2XWJG cu procesor Intel® Core™ Ultra 9 285HX pana la 5.5GHz, 18'', UHD+, IPS, 120Hz, Mini LED, 64GB DDR5 RAM, 2TBx1 SSD + 2TBx2 SSD, NVIDIA® GeForce RTX™ 5090 24GB GDDR7, Windows 11 Pro, Core Black","29.300,15"
eMAG,"Laptop MSI Stealth 16 MercedesAMG A13VG cu procesor Intel® Core™ i9-13900H pana la 5.4 GHz, 16"", UHD+, IPS, 32GB DDR5, 2TB SSD, NVIDIA® GeForce RTX™ 4070 8GB GDDR6, Windows 11 Home, Gray","14.469,18"
eMAG,"Laptop Gaming Acer Nitro Lite 16 NL16-71G-54B1 cu procesor Intel® Core™ i5-13420H pana la 4.7GHz, 16'', WUXGA, IPS, 165Hz, 16GB DDR5 RAM, 512GB SSD, NVIDIA® GeForce RTX™ 3050 6GB, No OS, Shale Black","3.699,99"
eMAG,"Laptop Gaming Lenovo Legion Pro 7 16IAX10H cu procesor Intel® Core™ Ultra 9 275HX pana la 5.4GHz, 16"" WQXGA, OLED, 240Hz, 32GB DDR5 RAM, 1TB SSD, NVIDIA® GeForce RTX™ 5070 Ti 12GB GDDR7, No OS, Eclipse Black, 3y on-site Premium Care","13.599,99"
eMAG,"Laptop Lenovo ThinkPad T14s Gen 6 (AMD) cu procesor AMD Ryzen™ AI 7 PRO 360 pana la 5.00 GHz, 14"" WUXGA IPS, Touch, 64GB RAM, 1TB SSD, AMD Radeon™ 880M Graphics, Windows® 11 Pro","11.019,47"
eMAG,"Laptop 14"" cu procesor Intel Celeron J4105, 8GB RAM, 128GB SSD, 1920*1080 FHD, Windows 11 Pro, Intel® UHD Graphics 600, 5GHz Wifi, 5000mAh, Argintiu","1.199,11"
eMAG,"Laptop HP ZBook Fury G1i, 16.0'' IPS, 128 GB, 2 TB, NVIDIA RTX PRO 5000","51.377,25"
eMAG,"Laptop Gaming Lenovo Legion Pro 5 16AFR10 cu procesor AMD Ryzen™ 9 9955HX pana la 5.40 GHz, 16"" WQXGA OLED, 32GB RAM, 2 x 1TB SSD M.2 2280, NVIDIA® GeForce RTX™ 5070 8GB GDDR7, No OS, Eclipse Black","11.199,99"
eMAG,"Apple MacBook Pro 16'' cu procesor Apple M5 Pro, 18 nuclee CPU, 20 nuclee GPU, 48GB RAM, 1TB SSD, Space Black, Tastatura Internationala, Manual RO","17.899,99"
eMAG,"Laptop Apple MacBook Pro 14"" cu procesor Apple M5, 10 nuclee CPU si 10 nuclee GPU, 16GB RAM, 1TB SSD, Space Black, Tastatura Internationala, Manual RO","8.999,99"
eMAG,"Laptop Gaming ASUS TUF F17 FX707VJ cu procesor Intel® Core™ 5 210H pana la 4.8GHz, 17.3'', Full HD, 144Hz, IPS, 32GB DDR4 RAM, 512GB SSD, NVIDIA® GeForce RTX™ 3050 6GB GDDR6, No OS, Mecha Gray","4.299,99"
eMAG,"Laptop Gaming ASUS ROG Zephyrus G16 GU605MV cu procesor Intel® Core™ Ultra 7 155H pana la 4.8 GHz, 16"", 2.5K, IPS, 240Hz, 16GB LPDDR5X, 512GB SSD, NVIDIA® GeForce RTX™ 4060 8GB GDDR6 TGP 100W, Windows 11 Pro, Platinum White","9.199,63"
eMAG,"Laptop Acer Aspire 16 AI OLED cu procesor Intel® Core™ Ultra 7 258V pana la 4.8 GHz, 16"", WUXGA OLED, 32GB LPDDR5X, 1TB SSD, Intel® Arc™ Graphics 140V, No OS, Steel Gray","9.680,00"
eMAG,"Laptop Lenovo V15 G5 IRL cu procesor Intel® Core i3-1315U pana la 4.5GHZ, 15.6"" Full HD, 16GB DDR5 RAM, 512GB SSD, Intel® UHD Graphics, No OS, Business Black","2.149,99"
eMAG,"Lenovo ThinkPad E14 G5, Ryzen 3 7330U, 16GB, 500GB SSD, Win 11 Pro","3.289,00"
eMAG,"Laptop Apple MacBook Air 13"", cu procesor Apple M4, 10 nuclee CPU si 10 nuclee GPU, 16GB RAM, 512GB, Starlight, Tastatura Internationala, Manual RO","5.499,99"
eMAG,"Laptop Lenovo IdeaPad Slim 3 15IRH10, 83K100SRRM, 15.3"", Intel Core i5-13420H (8 nuclee), Intel UHD Graphics, 24GB (8GB integrat + 16GB) 4800MHz DDR5, Gri","3.312,78"
eMAG,"Laptop Lenovo IdeaPad Pro 5 14AGP11, 83SG000DBM, 14"", AMD Ryzen AI 9 465 (10-core), AMD Radeon 880M, 32GB 8533MHz LPDDR5x, Gri","8.220,69"
eMAG,"Laptop Lenovo Legion 5 15IRX10, 83LY00S1BM, 15.1"", Intel Core i7-14700HX(20-core), NVIDIA GeForce RTX 5070 (8GB GDDR7), 32GB 5600MHz (2x16GB) DDR5, Negru","12.443,53"
eMAG,"Laptop MSI Katana 17 HX B14WFK-289XBG, 9S7-17L791-289, 17.3"", Intel Core i7-14650HX (16-core), NVIDIA GeForce RTX 5060 (8GB GDDR7), 16GB 5600MHz (1x16GB) DDR5, Negru","8.624,57"
eMAG,"Laptop Gaming Lenovo Legion Pro 7 16IAX10H cu procesor Intel® Core™ Ultra 9 275HX pana la 5.4GHz, 16"" WQXGA, OLED, 240Hz, 64GB DDR5 RAM, 1TB SSD, NVIDIA® GeForce RTX™ 5070 Ti 12GB GDDR7, No OS, Eclipse Black, 3y on-site Premium Care","15.999,99"
eMAG,"Laptop Lenovo Legion 5 15AKP10, 83F10063BM, 15.1"", AMD Ryzen AI 7 350 (8-core), NVIDIA GeForce RTX 5050 (8GB GDDR7), 32GB 5600MHz (2x16GB) DDR5, Negru","9.626,60"
eMAG,"Laptop Lenovo IdeaPad 5 2-in-1 16IAL10, 83KS000SBM, 16"", Intel Core Ultra 7 255U (12-core), Intel UHD Graphics, 16GB 8000MHz LPDDR5x, Gri","6.814,78"
eMAG,"Laptop Lenovo IdeaPad 5 2-in-1 16AKP10, 83KU000FBM, 16"", AMD Ryzen AI 5 340 (6-core), AMD Radeon 840M, 16GB 7500MHz LPDDR5x","5.961,01"
eMAG,"Laptop Lenovo Legion 5 15IRX10, 83LY00S0BM, 15.3"", Intel Core i7-13650HX (14-core), NVIDIA GeForce RTX 5070 (8GB GDDR7), 32GB 4800MHz (2x16GB) DDR5, Negru","10.362,78"
eMAG,"Laptop Ultra-Performant 15.6” IPS FHD (1920x1080), Intel N95 (12th Gen) pana la 3.4GHz, 8GB RAM, 256GB SSD (Extensibil pana la 2TB), Windows 11, Baterie 10000mAh, WiFi & Bluetooth 5.2, Tastatura Full Size cu Cititor Amprenta, 4 Difuzoare Stereo, HDMI, USB","2.152,59"
eMAG,"Laptop Gaming HP OMEN 16-wf0105nq cu procesor Intel® Core™ i9-13900HX pana la 5.40 GHz, 16.1"", Full HD, IPS, 165Hz, 32GB DDR5, 1TB SSD, NVIDIA GeForce RTX 4070 8GB, Free DOS, Black","8.999,99"
eMAG,"Laptop Gaming Lenovo Legion Pro 5 16ADR10 cu procesor AMD Ryzen™ 9 8940HX pana la 5.3GHz, 16"" WQXGA, IPS, 240Hz, 32GB DDR5, 1TB SSD, NVIDIA® GeForce RTX™ 5060 8GB GDDR7, NO OS, Eclipse Black, 3y on-site Premium Care","8.699,99"
eMAG,"Laptop Lenovo IdeaPad Slim 3 15IRH10 cu procesor Intel® Core i5-13420H pana la 4.6GHz, 15.3"" WUXGA, IPS, 8GB DDR5 RAM, 512GB SSD, Intel® UHD Graphics, Windows® 11 Home, Luna Grey","2.799,99"
eMAG,"Laptop Apple MacBook Pro 16"" cu procesor Apple M4 Max, 14 nuclee CPU si 32 nuclee GPU, 36GB RAM, 1TB SSD, Silver, Tastatura Internationala, Manual RO","17.499,99"
eMAG,"Laptop Apple MacBook Air 13"" cu procesor Apple M2, 8 nuclee CPU si 8 nuclee GPU, 16GB RAM, 256GB SSD, Starlight, INT KB","5.270,52"
eMAG,"Laptop Blackview Acebook 6,16GB DDR4 256GB SSD, AMD Ryzen 5 3500U 3.7GHz/ Radeon Vega 8, Win11 Home, 38Wh,15.6"" FHD+, HDMI 2.0, Bluetooth 5.0, USB 3.0, WLAN 5G, Gri","2.399,97"
eMAG,"Laptop Lenovo Yoga 7 2-in-1 14ILL10 cu procesor Intel® Core Ultra 7 256V pana la 4.8GHz, 14"" WUXGA, OLED, Touch, 16GB LPDDR5x RAM, 1TB SSD, Intel® Arc™ Graphics, Windows 11 Pro, Luna Grey, 3y on-site Premium Care","6.599,99"
eMAG,"Laptop Gaming Lenovo Legion Pro 7 16AFR10H cu procesor AMD Ryzen™ 9 9955HX3D pana la 5.4GHz, 16"" WQXGA, OLED, 240Hz, 32GB DDR5 RAM, 1TB SSD, NVIDIA® GeForce RTX™ 5080 16GB GDDR7, No OS, Eclipse Black, 3y on-site Premium Care","17.499,99"
eMAG,"Laptop Lenovo ThinkBook 16 G8 IRL cu procesor Intel® Core 5 210H pana la 4.8GHz, 16"" WUXGA, IPS, 16GB DDR5 RAM, 512GB SSD, Intel® Graphics, Windows® 11 Pro, Arctic Grey, 3y on-site Premium Care","4.399,99"
eMAG,"Laptop Lenovo IdeaPad Slim 3 15IAH8 cu procesor Intel® Core™ i5-12450H pana la 4.4 GHz, 15.6"", Full HD, IPS, 8 GB RAM DDR5, 1 TB SSD, Intel® UHD Graphics, Windows 10 Pro, Abyss Blue","4.235,00"
eMAG,"Laptop MSI Cyborg 15 B13WFKG-625XPL 15.6"" FHD 144Hz 16GB DDR5 SSD512 GeForce RTX 5060 8GB","5.532,77"
eMAG,"Laptop ASUS VivoBook S14 cu procesor AMD Ryzen™ AI 5 330 pana la 4.50 GHz, 14"", WUXGA. OLED, 16GB DDR5, 512GB M.2 SSD, AMD Radeon™ Graphics, Windows 11 Home","3.799,99"
eMAG,"Laptop HP 15-fd0081nq cu procesor Intel® Core™ i7-1355U pana la 5.0 GHz, 15.6"", Full HD, 16GB DDR4 RAM, 512GB SSD, Intel® Iris® Xe Graphics, Free DOS, Diamond White","3.299,99"
eMAG,"Laptop Gaming GIGABYTE AERO X16 1VH cu procesor AMD Ryzen™ AI7 350 pana la 5.0GHz, 16"" WQXGA 165Hz, 32GB DDr5 RAM, 1TB SSD, NVIDIA GeForce RTX 5070 8GB DDR7, Windows 11 Home, Space Gray","8.999,99"
eMAG,"Laptop Gaming Lenovo LOQ 15IRX9 cu procesor Intel® Core i7-13650HX pana la 4.9GHz, 15.6"" Full HD, IPS, 144Hz, 16GB DDR5 RAM, 1TB SSD, NVIDIA® GeForce RTX™ 3050 6GB GDDR6, No OS, Luna Grey","4.840,00"
eMAG,"Laptop Acer TravelMate P4 NX.BBJEX.006, 16 inch 1920 x 1200, Intel 125U 12 C / 14 T, 1.3 GHz - 4.3 GHz, 12 MB cache, 28 W, 16 GB DDR5, 1 TB SSD, Intel Graphics, Fara sistem de operare, Albastru","2.599,00"
eMAG,"Laptop HP OmniBook 7 AeroNGAI 13-bg1009nn cu procesor AMD Ryzen™ AI 7 350 pana la 5.0GHz, 13.3"", 2K, IPS, 16GB RAM, 1TB SSD, AMD Radeon™ 860M Graphics, Windows 11 Home, Glacier silver","5.999,99"
eMAG,"Apple MacBook Air 15'' cu procesor Apple M5, 10 nuclee CPU, 10 nuclee GPU, 24GB RAM, 1TB SSD, Sky Blue, Tastatura Internationala, Manual RO","10.299,99"
eMAG,"Laptop Asus ExpertBook BM1 BM1503CDA-NJ0127, 15.6 inch 1920 x 1080, AMD Ryzen 5 7535U 6 C / 12 T, 2.9 GHz - 4.55 GHz, 3 MB 16 MB cache, 16 GB RAM, 512 GB SSD, AMD Radeon Graphics, Fara sistem de operare, Black","2.299,00"
eMAG,"Laptop Lenovo Procesor Intel® Core™ Ultra 5 125U, 12MB, 32GB DDR5, 1920 GB SSD, Intel Graphics, No OS, Arctic Grey","8.228,00"
eMAG,"Laptop ASUS ExpertBook BM1, 15.6"" Full HD, AMD Ryzen™ 5 7535U pana la 4.55 GHz, 8 GB RAM DDR5, 512 GB SSD, AMD Radeon Graphics, Windows 11 Pro, Black 512 GB","3.993,00"
eMAG,"Laptop Lenovo Procesor Intel® Core™ Ultra 5 125U, Meteor Lake, 12MB, 8GB DDR5, 950 GB SSD, Gigabit LAN, Wi-Fi® 6E, Intel Graphics, No OS, Arctic Grey","6.292,00"
eMAG,"Laptop Lenovo 16'' ThinkBook, Procesor Intel® Core™ Ultra 5 125U (12M Cache, up to 4.30 GHz), 16GB DDR5, 2.5 TB SSD, Intel Graphics, No OS, Arctic Grey","6.655,00"
eMAG,"Laptop Lenovo 16'' ThinkBook, Procesor Intel® Core™ Ultra 5 125U (12M Cache, up to 4.30 GHz), 16GB DDR5, 2500 GB SSD, Intel Graphics, No OS, Arctic Grey","6.897,00"
eMAG,"Laptop ASUS Vivobook 15 A1504VA cu procesor Intel® Core™ 5 120U pana la 5.0GHz, 15.6'', Full HD, IPS, 16GB DDR5 RAM, 512GB SSD, Intel® Graphics, No OS, Cool Silver","2.699,99"
eMAG,"Laptop Lenovo IdeaPad Slim 3 15IRH10 cu procesor Intel Core™ i5-13420H pana la 4.6GHz, 15.3"" WUXGA, IPS, 16GB DDR5 RAM, 512GB SSD, Intel® UHD Graphics, No OS, Luna Grey, 3Y Courier","2.949,99"
eMAG,"Laptop Gaming HP OMEN MAX 16-ah0007nn cu procesor Intel® Core™ Ultra 7 255HX pana la 5.2GHz, 16"", WQXGA, OLED, 32GB DDR5 RAM, 1TB SSD, NVIDIA® GeForce RTX™ 5080 16GB GDDR7, Free DOS, Shadow black","13.499,99"
eMAG,"Laptop Lenovo IdeaPad Pro 5 14AKP10 cu procesor AMD Ryzen™ AI 7 350 pana la 5.0GHz, 14"" 2.8K, OLED, 120Hz, 32GB LPDDR5x RAM, 1TB SSD, AMD Radeon™ 860M Graphics, No OS, Luna Grey","5.445,00"
eMAG,"Laptop Gaming Acer Predator Helios Neo 14 PHN14-51-712K cu procesor Intel® Core™ Ultra 7 155H pana la 4.8GHz, 14.5'', WQXGA, IPS, 120Hz, 16GB LPDDR5X RAM, 1TB SSD, NVIDIA® GeForce RTX™ 4070 8 GB GDDR6, No OS, Abyssal Black","7.506,95"
eMAG,"Laptop Apple MacBook Air 13.6"" cu procesor Apple M4, 10 nuclee CPU si 10 nuclee GPU, 32GB RAM, 1TB SSD, Midnight, Tastatura Internationala","8.909,99"
eMAG,"Laptop ASUS Vivobook X1504VA Procesor Intel Core i3-1315U 10M Cache, up to 4.50 GHz 15.6"" FHD, 8GB, 512GB SSD, Intel UHD Graphics, Albastru","1.799,97"
eMAG,"Laptop Lenovo ThinkPad E14 Gen 7 cu procesor Intel Core™ Ultra 7 255H pana la 5.1GHz, 14"" WUXGA, IPS, 16GB DDR5 RAM, 512GB SSD, Intel® Graphics, No OS, Black, 3Y Onsite","5.399,99"
eMAG,"Laptop Apple MacBook Air 15.3"", procesor M5, 32GB, 512GB SSD, culoare Midnight","10.769,47"
eMAG,"Laptop Apple MacBook Air 15.3"", procesor M5, 32GB RAM, 1TB SSD, albastru deschis","12.077,64"
eMAG,"Laptop Apple MacBook Air 15.3"" Retina, 24GB, 512GB SSD, Midnight","9.454,88"
eMAG,"Laptop Apple MacBook Air 15.3"", 32GB RAM, 1TB SSD, Midnight, Ultraportabil","12.077,64"
eMAG,"Laptop Apple MacBook Air 15.3"", 24GB, 512GB, Sky Blue","9.454,88"
eMAG,"Laptop Lenovo 15.6'' V15 G3 ABA, FHD, Procesor AMD Ryzen™ 7 5825U,16MB Cache, up to 4.5 GHz, 16GB DDR4, 2TB SSD NVME, Radeon, No OS, Business Black","5.687,00"
eMAG,"Laptop Lenovo V15 ABA G3 cu procesor AMD Ryzen 3 5425U, 15.6"", Full HD, 8GB, 1TB SSD, Windows 11 Pro, Business Black","5.203,00"
eMAG,"Laptop Apple MacBook Air 15.3"", cu procesor Apple M4, 10 nuclee CPU si 10 nuclee GPU, 16 GB RAM, 256GB, Midnight, Tastatura US English","6.149,99"
eMAG,"Laptop Gaming Acer Predator Helios Neo 16S AI OLED PHN16S-71-99VW cu procesor Intel® Core™ Ultra 9 275HX pana la 5.4GHz, 16'', WQXGA, OLED, 165Hz, 32GB DDR5 RAM, 1TB SSD, NVIDIA® GeForce RTX™ 5070 Ti 12GB GDDR7, Windows 11 Home, Abyssal Black","13.999,99"
eMAG,"Laptop Gaming HP VICTUS 15-fa2107nn cu procesor Intel® Core™ Core 5 - 210H pana la 4.8GHz, 15.6"", Full HD, 24GB DDR5 RAM, 1TB SSD, NVIDIA® GeForce RTX™ 5050 8GB GDDR7, Free DOS, Mica Silver","6.499,99"
eMAG,"Laptop Dell Vostro 3520 cu procesor Intel® Core™ i7-1255U pana la 4.7 GHz, 15.6"", Full HD, 16GB DDR4, 512GB SSD, Intel® Iris® Xe Graphics, Windows 11 Pro, 3y ProSupport and Next Business Day Onsite Service","4.053,50"
eMAG,"Laptop HP 15-fd0095nq cu procesor Intel® Core™ i3-1315U pana la 4.5 GHz, 15.6"", Full HD, 8GB DDR4 RAM, 512GB SSD, Intel® UHD Graphics, Free DOS, Warm Gold","1.899,99"
eMAG,"Laptop HP OmniBook 7 AeroNGAI 13-bg1011nn cu procesor AMD Ryzen™ AI 5 340 pana la 4.8GHz, 13.3"", 2K, IPS, 16GB LPDDR5x RAM, 512GB SSD, AMD Radeon™ 840M Graphics, Windows 11 Home, Glacier silver","4.999,99"
eMAG,"Apple MacBook Air 15'' cu procesor Apple M5, 10 nuclee CPU, 10 nuclee GPU, 16GB RAM, 1TB SSD, Silver, Tastatura Internationala, Manual RO","8.879,99"
eMAG,"Apple MacBook Air 15'' cu procesor Apple M5, 10 nuclee CPU, 10 nuclee GPU, 16GB RAM, 1TB SSD, Midnight, Tastatura Internationala","9.229,99"
eMAG,"Laptop ASUS TUF Gaming A18 FA808UM-S8088MXM, AMD Ryzen 7 260, 18 inch, RAM 32GB DDR5, SSD 512GB, nVidia GeForce RTX 5060 8GB, No OS, Jaeger Gray","7.397,54"
eMAG,"Laptop Gaming Lenovo Legion Pro 5 16IAX10 cu procesor Intel® Core™ Ultra 9 275HX pana la 5.4GHz, 16"" WQXGA, OLED, 165Hz, 32GB DDR5 RAM, 2TB SSD, NVIDIA® GeForce RTX™ 5070 8GB GDDR7, No OS, Eclipse Black, 3y on-site Premium Care","11.299,99"
eMAG,"Laptop Gaming Acer Nitro V14 ANV14-62-R547 cu procesor AMD Ryzen™ AI 5 340 pana la 4.8GHz, 14.5, WUXGA, 120Hz, IPS, 16GB DDR5 RAM, 512GB SSD, NVIDIA® GeForce RTX™ 5050 8GB GDDR7, No OS, Pearl White","5.499,99"
eMAG,"Apple MacBook Pro 16.2"" cu procesor Apple M5 Max, 18 nuclee CPU, 40 nuclee GPU, 64GB RAM, 2TB SSD, Silver, Tastatura internationala","27.929,99"
eMAG,"Laptop Gaming Lenovo LOQ 15AHP11 cu procesor AMD Ryzen™ 7 250 pana la 5.1GHz, 15.3"" WUXGA, IPS, 165Hz, 16GB DDR5 RAM, 1TB SSD, NVIDIA GeForce RTX™ 5050 8GB GDDR7, No OS, Luna Grey, 3Y Courier","5.899,99"
eMAG,"Laptop 2in1 ASUS ProArt PX13, Procesor AMD Ryzen 395, 64GB RAM, 1TB SSD, Negru, 13.3"" 3K OLED Touch","15.486,01"
eMAG,"Laptop Lenovo V15 G3 IAP 82TTS01000, 15.6 inch 1920 x 1080, Intel Core i3-1215U 4 C / 8 T, 2.6 GHz - 4.2GHz, 8 MB cache, 28 W, 8 GB DDR4, 256 GB SSD, Intel UHD Graphics, Windows 11 Pro Education","3.509,00"
eMAG,"Laptop HP Pavilion 16-af0017nn cu procesor Intel® Core™ Ultra 5 125U pana la 4.3GHz, 16"", 2K, IPS, 16GB LPDDR5 RAM, 1TB SSD, Intel® Graphics, Windows 11 Home, Natural silver aluminum","4.099,99"
eMAG,"Laptop Gaming ASUS TUF A17 FA707NUG-HX177, 17.3"" Full HD 144Hz, AMD Ryzen™ 7 7445HS, 16GB RAM, SSD 512GB, nVidia GeForce RTX 4050 6GB, Fara sistem de operare, Mecha Gray","4.595,00"
eMAG,"Laptop HP ProBook 450 G10 cu procesor Intel® Core™ i7-1355U pana la 5.00 GHz, 15.6"", Full HD, IPS, 16GB, 512GB SSD, Intel® UHD Graphics, Windows 11 Pro, Silver","5.499,99"
eMAG,"Laptop Apple MacBook Air 15"", cu procesor Apple M4, 10 nuclee CPU si 10 nuclee GPU, 24GB RAM, 512GB, Silver, Tastatura Internationala, Manual RO","6.999,99"
eMAG,"Laptop Gaming HP VICTUS 15-fa2102nn cu procesor Intel® Core™ Core 5 - 210H pana la 4.8GHz, 15.6"", Full HD, 24GB DDR5 RAM, 1TB SSD, NVIDIA® GeForce RTX™ 5060 8GB GDDR7, Free DOS, Mica Silver","6.999,99"
eMAG,Laptop ASUS ZenBook S14 OLED UX5406AA-SU053W Ultra 9-386H 14inch 3K 32GB 1TB Windows 11 Home Alb,"13.764,99"
eMAG,"Laptop ASUS Vivobook S16 M3607HA cu procesor AMD Ryzen 7 260 pana la 5.1GHz, 16'', WUXGA, IPS, 144Hz, 16GB DDR5 RAM, 1TB SSD, AMD Radeon Graphics, No OS, Matte Gray","3.399,99"
eMAG,"Laptop Lenovo ThinkPad E16 Gen 3 cu procesor AMD Ryzen 5 230 pana la 4.9GHz, 16"" WUXGA , IPS, 32GB DDR5 RAM, 1TB SSD, AMD Radeon™ 760M Graphics, No OS, Black, 3Y Courier","5.499,99"
eMAG,"Laptop ASUS Vivobook 15 A1504VA cu procesor Intel® Core™ 5 120U pana la 5.0GHz, 15.6'', Full HD, IPS, 16GB DDR5, 1TB SSD, Intel® Graphics, No OS, Quiet Blue","2.899,99"
eMAG,"Laptop Lenovo IdeaPad Slim 3 15AMN8 cu procesor AMD Ryzen™ 5 7520U pana la 4.3GHz, 15.6"" Full HD, 16GB LPDDR5 RAM, 512GB SSD, AMD Radeon™ 610M Graphics, No OS, Arctic Grey","2.299,00"
eMAG,"Laptop Gaming Lenovo Legion 5 15IRX10 cu procesor Intel® Core i7-14700HX pana la 5.5GHz, 15.1"" WQXGA, OLED, 165Hz, 32GB DDR5, 1TB SSD, NVIDIA® GeForce RTX™ 5070 8GB GDDR7, NO OS, Eclipse Black, 3y on-site Premium Care","9.438,00"
eMAG,"Laptop Gaming Lenovo Legion Pro 5 16IAX10 cu procesor Intel® Core Ultra 7 255HX pana la 5.2GHz, 16"" WQXGA, OLED, 165Hz, 32GB, 1TB SSD, NVIDIA® GeForce RTX™ 5060 8GB GDDR7, NO OS, Eclipse Black, 3y on-site Premium Care","9.399,99"
eMAG,"Laptop HP EliteBook 660 16 G11 cu procesor Intel® Core™ Ultra 5 135U pana la 4.4GHz, 16'', WUXGA, IPS, 16GB DDR5 RAM, 512GB SSD, Windows 11 Pro, Pike silver aluminum","5.792,00"
eMAG,"Laptop Lenovo ThinkPad X9-15 Gen 1 Aura Edition cu procesor Intel® Core Ultra 7 258V pana la 4.80 GHz, 15.3"" 2.8K OLED, 32GB RAM, 1TB SSD, Intel® Arc™ Graphics 140V, Windows® 11 Pro","8.999,99"
eMAG,"Laptop HP 15 fd0108nq cu procesor Intel® Core™ 5 120U pana la 5.0 GHz 15.6"" Full HD, 16GB DDR5, 512 GB SSD, Intel® Graphics, Windows 11 Home, Warm Gold","2.999,99"
eMAG,"Laptop Lenovo IdeaPad Pro 5 16IAH10 cu procesor Intel® Core Ultra 7 255H pana la 5.1GHz, 16"" 2.8K, OLED, 120Hz, 16GB LPDDR5x RAM, 1TB SSD, NVIDIA® GeForce RTX™ 5050 8GB GDDR7, No OS, Luna Grey","7.389,99"
eMAG,Laptop HP OmniBook 5 Ryzen AI 7 350 16inch OLED 32GB 1TB Windows 11 Home Argintiu,"6.811,99"
eMAG,"Laptop HP Pavilion Aero Laptop 13-bg0036nn cu procesor AMD Ryzen™ 7 8840U pana la 5.1GHz, 13.3'', WQXGA, IPS, 16GB LPDDR5x RAM, 1TB SSD, AMD Radeon™ Graphics, Windows 11 Home, Sky blue","5.499,99"
eMAG,"Laptop Gaming MSI Cyborg 15 B13WFKG cu procesor Intel® Core™ i7-13620H pana la 4.9GHz, 15.6'', IPS, 144Hz, 16GB DDR5 RAM, 512GB SSD, NVIDIA® GeForce RTX™ 5060 8GB GDDR7, Free DOS, Translucent Black","5.599,99"
eMAG,"Laptop ASUS Vivobook 15, 15.6"" Full HD, Intel® Core™ i5 13420H pana la 4.6 GHz, 16 GB RAM DDR4, 512 GB SSD, Intel® UHD Graphics, Free Dos, Cool Silver 512 GB","3.315,20"
eMAG,"Laptop Lenovo Yoga 7 2-in-1 14ILL10 cu procesor Intel® Core™ Ultra 7 258V pana la 4.8GHz, 14"" 2.8K WQXGA+, OLED, 120Hz, Touch, 32GB LPDDR5x RAM, 1TB SSD, Intel® Arc™ Graphics, Windows® 11 Home, Luna Grey, 3y on-site Premium Care","6.999,99"
eMAG,"Laptop Acer Aspire Lite 15 cu procesor Intel® Celeron® N4500 pana la 2.8GHz, 15.6'', Full HD, IPS, 8GB LPDDR4X, 256GB SSD, Intel® UHD Graphic, No OS, Pure Silver","1.452,00"
eMAG,"Laptop Gaming ASUS ROG Strix G16 G615LW cu procesor Intel® Core™ Ultra 9 275HX pana la 5.4GHz, 16"", 2.5K WQXGA, 240Hz, G-Sync, 32GB DDR5, 1TB SSD, NVIDIA® GeForce RTX™ 5080 16GB GDDR7, No OS, Eclipse Gray","16.999,99"
eMAG,"Laptop Asus Vivobook 15 X1502VA-BQ487, 15.6 inch 1920 x 1080, Intel Core I7-13620H 10 C / 16 T, 3.6 GHz - 4.9 GHz, 24 MB cache, 16 GB DDR4, 1 TB SSD, Intel UHD Graphics, Fara sistem de operare, Albastru","3.194,40"
eMAG,"Laptop Gaming Lenovo LOQ Essential 15ARP10E cu procesor AMD Ryzen™ 5 150 pana la 4.55GHz, 15.6"" Full HD, IPS, 144Hz, 16GB DDR5 RAM, 512GB SSD, NVIDIA GeForce RTX™ 3050 6GB GDDR6, No OS, Luna Grey, 3Y Courier","3.699,99"
eMAG,"Laptop HP 15-fd0090nq cu procesor Intel® Core™ i3-1315U pana la 4.5 GHz, 15.6"", Full HD, 8GB DDR4 RAM, 512GB SSD, Intel® UHD Graphics, Windows 11 Home, Moonlight Blue","2.399,99"
eMAG,"Laptop Lenovo ThinkPad L16 Gen 2 cu procesor Intel® Core Ultra 5 225U pana la 4.8GHz, 16"" WUXGA , IPS, 32GB DDR5 RAM, 1TB SSD, Intel® Graphics, Windows® 11 Pro, Black, 3y on-site Premium Care","8.579,27"
eMAG,"Laptop Lenovo LOQ Essential 15IRX11 Gaming 15.6 inch, Intel Core i5-13450HX pana la 4.6 GHz, 16GB RAM, 1TB SSD, NVIDIA GeForce RTX 5050 8GB, Fara sistem de operare, Luna Grey","4.699,99"
eMAG,"Laptop Acer Aspire 17 A17-51M-57GV cu procesor Intel® Core™ 5 120U pana la 5Ghz, 17.3"" FullHD IPS, 16GB LPDDR5, 1TB SSD, Intel® Graphics, no Os, Steel Grey","3.099,99"
eMAG,"Laptop HP 250 G10 cu procesor Intel® Core™ i5-1334U pana la 4.6GHz, 15.6'', Full HD, IPS, 16GB DDR4 RAM, 1TB SSD, Intel® Iris® Xᵉ Graphics, No OS, Turbo silver","2.899,99"
eMAG,Laptop Lenovo ThinkPad X1 Carbon Gen 13 Aura Edition WUXGA 14 inch Intel Core Ultra 7 258V 32GB 512GB SSD Windows 11 Pro Black,"14.264,99"
eMAG,"Laptop Lenovo IdeaPad Slim 5 14AHP11 cu procesor AMD Ryzen™ 7 260 pana la 5.1GHz, 14"" WUXGA, IPS, 16GB DDR5 RAM, 512GB SSD, AMD Radeon™ 780M Graphics, No OS, Luna Grey, 3Y Courier","3.499,99"
eMAG,"Laptop Acer Aspire Lite 15 AL15-72P-598M cu procesor Intel® Core™ i5-13420H pana la 4.6GHz, 15.6'', Full HD, IPS, 16GB DDR5 RAM, 512GB SSD, Intel® UHD Graphics, No OS, Pure Silver","2.499,99"
eMAG,Laptop Lenovo ThinkPad X13 G6 WUXGA 13.3 inch Intel Core Ultra 5 225U 32GB 512GB SSD Windows 11 Pro Black,"9.916,98"
eMAG,"Laptop Acer Aspire 17 A17-51M-519 cu procesor Intel® Core™ 5 120U pana la 5 ghz, 17.3"" FullHD IPS, 16GB DDR5, 512GB SSD, Intel® Graphics, No Os, Silver","2.999,99"
eMAG,"Laptop HP ProBook 450 G10 cu procesor Intel® Core™ i5-1335U pana la 4.6GHz, 15.6"", Full HD, IPS, 16GB DDR4 RAM, 512GB SSD, Intel® UHD Graphics, Windows 11 Pro, Pike silver aluminum","4.399,99"
eMAG,Laptop MICROSOFT Surface Laptop Go Intel Core i5-1035G1 12.4inch Touchscreen 8GB 256GB SSD Wi-Fi 6 Windows 10 Pro Platinum,"3.430,99"
eMAG,"Laptop Lenovo IdeaPad Pro 5 14AGP11 cu procesor AMD Ryzen™ AI 9 465 pana la 5.0GHz, 14"" 2.8K, OLED, 120Hz, 32GB LPDDR5x RAM, 1TB SSD, AMD Radeon™ 880M Graphics, No OS, Luna Grey, 3Y Courier","6.299,99"
eMAG,"Laptop Lenovo IdeaPad Slim 3 15IAH8 cu procesor Intel® Core™ i5-12450H pana la 4.4 GHz, 15.6"", Full HD, IPS, 16GB, 512GB SSD, Intel® UHD Graphics, Windows 11 Home, Arctic Grey","5.324,00"
eMAG,"Laptop Lenovo IdeaPad, Intel Core i7-13620H, 16GB RAM, 4.5TB SSD, Arctic Grey, 16 inch","9.559,00"
eMAG,"Laptop ASUS Vivobook 17, Intel Core 7 150U, 8 GB RAM, 2 TB SSD, 17.3'' Full HD, Quiet Blue","7.260,00"
eMAG,"Laptop Apple MacBook Air 15"", cu procesor Apple M4, 10 nuclee CPU si 10 nuclee GPU, 16GB RAM, 256GB, Silver, Tastatura Internationala, Manual RO","5.999,99"
eMAG,"Laptop Blackview Acebook 6, 16GB DDR4 256GB SSD, Intel N150 3.6GHz/ Intel UHD Graphics, Win11 Home, 38Wh, 15.6"" FHD+, HDMI 2.0, Bluetooth 5.0, USB 3.0, WLAN 5G, Gri","2.399,99"
eMAG,"Laptop Gaming Lenovo LOQ Essential 15ARP10E cu procesor AMD Ryzen™ 7 170 pana la 4.75GHz, 15.6"" Full HD, IPS, 144Hz, 16GB DDR5 RAM, 512GB SSD, NVIDIA GeForce RTX™ 4050 6GB GDDR6, No OS, Luna Grey, 3Y Courier","4.299,99"
eMAG,"Laptop Lenovo IdeaPad Slim 3 16IRH10 cu procesor Intel® Core™ i5-13420H pana la 4.6GHz, 16"" WUXGA, IPS, 24GB DDR5 RAM, 1TB SSD, Intel® UHD Graphics, No OS, Cosmic Blue","3.099,99"
eMAG,"Laptop Lenovo IdeaPad Slim 3 14IRH10 cu procesor Intel® Core i7-13620H pana la 4.9GHz, 14"" WUXGA, OLED, 16GB DDR5 RAM, 1TB SSD, Intel® UHD Graphics, No OS, Luna Grey","3.599,99"
eMAG,"Laptop Asus Vivobook 14, Procesor Intel Core I3 1315U, Memorie 12Gb Ram Ddr4, Stocare 128Gb Ssd M.2 Pcie, Sistem De Operare Windows 11 Home, Dimensiuni Compacte, Culoare Quiet Blue, Laptop Portabil","2.056,99"
eMAG,"Laptop ASUS Vivobook 15 E510KAB cu procesor Intel Celeron N4500 pana la 2.8 GHz, 15.6 Full HD, 8 GB RAM, 512 GB SSD, Intel HD Graphics, Windows 11 Pro, Rose Pink","2.699,87"
eMAG,"Laptop Apple MacBook Air 13"", cu procesor Apple M4, 10 nuclee CPU si 10 nuclee GPU, 24GB RAM, 512GB, Silver, Tastatura Internationala, Manual RO","7.342,99"
eMAG,"Apple MacBook Air 13'' cu procesor Apple M5, 10 nuclee CPU, 10 nuclee GPU, 24GB RAM, 1TB SSD, Starlight, Tastatura Internationala, Manual RO","8.699,99"
eMAG,"Laptop Lenovo ThinkBook 16 G8 IAL cu procesor Intel® Core™ Ultra 7 255H pana la 5.1GHz, 16"" WUXGA, IPS, 16GB DDR5 RAM, 512GB SSD, Intel® Arc™ Graphics, No OS, Arctic Grey, 3y on-site Premium Care","4.233,79"
eMAG,"Laptop ASUS Vivobook S16 M3607HA cu procesor AMD Ryzen 5 220 pana la 4.9GHz, 16'', WUXGA, IPS, 144Hz, 16GB DDR5 RAM, 1TB SSD, AMD Radeon Graphics, No OS, Matte Gray","2.999,99"
eMAG,"Apple MacBook Pro 14.2"" cu procesor Apple M5 Pro, 18 nuclee CPU, 20 nuclee GPU, 48GB RAM, 1TB SSD, Silver, Tastatura internationala","16.499,99"
eMAG,"Laptop Gaming Lenovo Legion 5 15IAX10 cu procesor Intel Core™ Ultra 7 255HX pana la 5.2GHz, 15.1"" WQXGA, OLED, 16GB DDR5 RAM, 1TB SSD, NVIDIA GeForce RTX™ 5060 8GB GDDR7, No OS, Eclipse Black, 3y on-site Premium Care","7.899,99"
eMAG,"Laptop Gaming Acer Nitro Lite 16 NL16-71G-57M9 cu procesor Intel® Core™ i5-13420H pana la 4.7GHz, 16'', WUXGA, IPS, 165Hz, 16GB DDR5 RAM, 512GB SSD, NVIDIA® GeForce RTX™ 3050 6GB GDDR6, No OS, Shale Black","4.251,92"
eMAG,"Apple MacBook Air 15'' cu procesor Apple M5, 10 nuclee CPU, 10 nuclee GPU, 16GB RAM, 512GB SSD, Sky Blue, Tastatura Internationala, Manual RO","7.349,99"
eMAG,"Laptop Lenovo Thinkbook 16 G8 IRL cu procesor Intel® Core™ 5 210H pana la 4.8GHz, 16"" WUXGA, IPS, 32GB DDR5 RAM, 1TB SSD, Intel® Graphics, No OS, Arctic Grey, 3y on-site Premium Care","3.999,99"
eMAG,"Laptop Lenovo Thinkbook 16 G8 IRL cu procesor Intel® Core™ 5 210H pana la 4.8GHz, 16"" WUXGA, IPS, 16GB DDR5 RAM, 512GB SSD, Intel® Graphics, No OS, Arctic Grey, 3y on-site Premium Care","3.399,99"
eMAG,"Laptop Lenovo ThinkPad T14 Gen 6 cu procesor Intel Core™ Ultra 7 265H pana la 5.3GHz, 14"" WUXGA, IPS, 64GB DDR5 RAM, 1TB SSD, Intel® Arc™ 140T, Windows® 11 Pro, Black, 3Y Courier","12.499,99"
eMAG,"Laptop Lenovo Yoga Pro 9 16IAH10 cu procesor Intel® Core™ Ultra 7 255H pana la 5.1GHz, 16"" 2.8K WQXGA+ , OLED, 120Hz, 32GB LPDDR5x RAM, 1TB SSD, NVIDIA® GeForce RTX™ 5060 8GB GDDR7, Windows® 11 Home, Tidal Teal, 3y on-site Premium Care","10.299,99"
eMAG,"Laptop Lenovo Yoga Pro 9 16IAH10 cu procesor Intel® Core Ultra 7 255H pana la 5.1GHz, 16"" 2.8K, OLED, WQXGA+ , 120Hz, 32GB LPDDR5x RAM, 1TB SSD, NVIDIA® GeForce RTX™ 5050 8GB GDDR7, Windows® 11 Home, Luna Grey, 3Y Premium Care","9.999,99"
eMAG,"Laptop Gaming HP OMEN MAX 16-ah0005nn cu procesor Intel® Core™ Ultra 7 255HX pana la 5.2GHz, 16"", WQXGA, OLED, 240Hz, 64GB LPDDR5 RAM, 1TB SSD, NVIDIA® GeForce RTX™ 5080 16GB GDDR7, Free DOS, Shadow black","13.999,99"
eMAG,Laptop MSI Katana 15 HX B14WFK-020XPL i7-14650HX 15.6inch 16GB 512GB No OS RTX 5060 Negru,"6.452,56"
eMAG,"Laptop Lenovo V15 G2, Intel Celeron Dual Core N4500, 8GB RAM, SSD 256GB, 15,6"", Negru","2.783,00"
eMAG,"Laptop Lenovo IdeaPad Slim 5 16IMH10 cu procesor Intel Core™ Ultra 9 185H pana la 5.1GHz, 16"" 2.8K, OLED, 32GB DDR5 RAM, 1TB SSD, Intel® Arc™ Graphics, No OS, Luna Grey, 3Y Courier","5.699,99"
eMAG,"Laptop Lenovo IdeaPad 1 15IJL7 cu procesor Intel® Celeron® N4500 pana la 2.8GHz, 15.6"" HD, 4GB DDR4 RAM, 256GB SSD, Intel® UHD Graphics, No OS, Cloud Grey","1.412,64"
eMAG,"Laptop, Dell, 15 DC15250, i5-1334U, 16GB RAM, 512GB SSD, 15.6 FHD Touch, Interactiune fluida, Multitasking rapid, Eficienta zilnica","3.789,99"
eMAG,"Laptop Gaming Lenovo LOQ 15IRX10 cu procesor Intel® Core i7-13700HX pana la 5.0GHz, 15.6"" Full HD, IPS, 144Hz, 32GB DDR5 RAM, 1TB SSD, NVIDIA® GeForce RTX™ 5060 8GB GDDR7, No OS, Luna Grey","6.799,99"
eMAG,"Laptop Lenovo IdeaPad Slim 3 15AMN8 cu procesor AMD Ryzen™ 5 40 pana la 4.3GHz, 15.6"" Full HD, 8GB LPDDR5 RAM, 512GB SSD, AMD Radeon™ 610M Graphics, No OS, Abyss Blue, 3Y Courier","1.999,99"
eMAG,"Laptop ASUS Vivobook 15 X1502VA-BQ487MXM, Intel Core i7-13620H, 15.6 inch, RAM 24GB DDR4, SSD 1TB, Intel UHD Graphics, No OS, Quiet Blue","3.349,28"
eMAG,"Laptop Lenovo IdeaPad 5 2-in-1 14IAL10 cu procesor Intel Core™ Ultra 7 255H pana la 5.1GHz, 14'', WUXGA, IPS, Touch, 16GB DDR5 RAM, 1TB SSD, Intel® Arc™ 140T GPU, No OS, Luna Grey, 3Y Courier","4.849,99"
eMAG,"Laptop ASUS ExpertBook BM1503CDA, AMD Ryzen 5, 24GB RAM, SSD 512GB, Grafică AMD Radeon, Gri, 15.6 inch","2.533,34"
eMAG,"Laptop ASUS Chromebook CR1104CGA, 11.6"" HD, Intel N100, 8GB RAM, 64GB eMMC, gri mineral","1.288,08"
eMAG,"Apple MacBook Pro 16'' cu procesor Apple M5 Max, 18 nuclee CPU, 40 nuclee GPU, 48GB RAM, 2TB SSD, Silver, Tastatura Internationala, Manual RO","25.599,99"
eMAG,"Laptop Lenovo V15 G5 IRL cu procesor Intel® Core i3-1315U pana la 4.50 GHz, 15.6"" FHD, 24GB DDR5, 2 TB SSD, Intel® UHD Graphics, WINDOWS 11 PRO, negru","6.413,00"
eMAG,"Laptop ASUS ExpertBook B1 B1503CVA-S72511X, cu Intel® Core™ i3-1315U pana la 4.5Ghz, 15.6"" Full HD, 8GB RAM, 256GB, Intel® UHD Graphics, Windows 11 Pro, Grey","2.599,99"
eMAG,ASUS G615LW Ultra 9 275HX 32GB 1TB RTX 5080 NoOS,"19.558,99"
eMAG,"Laptop ASUS Vivobook 17 X1704VA cu procesor Intel® Core™ 7 150U pana la 5.4GHz, 17.3'', Full HD, IPS, 16GB DDR4 RAM, 1TB SSD, Intel® Graphics, No OS, Quiet Blue","3.569,50"
eMAG,"Laptop HP Pavilion Laptop 16-af0019nn cu procesor Intel® Core™ Ultra 5 125U pana la 4.3GHz, 16'', 2K, IPS, 16GB LPDDR5 RAM, 512GB SSD, Intel® Graphics, Windows 11 Home, Natural silver aluminum","3.999,99"
eMAG,"Laptop Lenovo ThinkBook 16 G7 ARP cu procesor AMD Ryzen™ 7 7735HS pana la 4.7GHz, 16"" WUXGA, IPS, 32GB DDR5, 1TB SSD, AMD Radeon™ 680M Graphics, No OS, Arctic Grey, 3Y Courier/Carry-in upgrade","4.399,98"
eMAG,"Laptop Gaming Lenovo Legion Pro 5 15IPH11 cu procesor Intel Core™ Ultra 7 356H pana la 4.7GHz, 15.3"" WQXGA, OLED, 32GB DDR5 RAM, 1TB SSD, NVIDIA GeForce RTX™ 5060 8GB GDDR7, No OS, Eclipse Black, 3y on-site Premium Care","8.899,99"
eMAG,"Laptop ASUS ExpertBook P1 PM1503CDA cu procesor AMD Ryzen™ 5 7535HS pana la 4.55GHz, 15.6''. Full HD, 16GB DDR5 RAM, 512GB SSD, AMD Radeon™ Graphics, No OS, Misty Grey, 3Y PUR","2.525,99"
eMAG,"Laptop de 15.6 inchi 16GB 512 GB Celeron N5095 4 nuclee, 1920X1080P, Win 11 Pro, cu ventilator de racire, WiFi dual, Argent metalic","2.499,99"
eMAG,"Laptop Gaming ASUS ROG Strix G16 G615LM cu procesor Intel® Core™ Ultra 7 255HX pana la 5.2GHz, 16'', 2.5k, WQXGA, IPS, 240Hz, 16GB DDR5 RAM, 1TB SSD, NVIDIA® GeForce RTX™ 5060 8GB GDDR7, No OS, Eclipse Gray, 3Y PUR","10.499,99"
eMAG,"Laptop Gaming ASUS ROG Strix SCAR 16 G635LX cu procesor Intel® Core™ Ultra 9 275HX pana la 5.4GHz, 16"", 2.5K WQXGA, Mini LED, 240Hz, G-Sync, 64GB DDR5, 2TB + 2TB SSD, NVIDIA® GeForce RTX™ 5090 24GB GDDR7, No OS, Off Black","21.999,99"
eMAG,"Laptop Gaming HP OMEN 16-wf0109nq cu procesor Intel® Core™ i9-13900HX pana la 5.4 GHz, 16.1"", Full HD, IPS, 165Hz, 16GB, 1TB SSD, NVIDIA GeForce RTX 4070 8GB GDDR6, Free DOS, Shadow Black","8.499,99"
eMAG,"Laptop ASUS ExpertBook P3 PM3606CKA cu procesor AMD Ryzen™AI 7 350 pana la 5.0GHz, 16'', WUXGA, 16GB DDR5 RAM, 512GB SSD, AMD Radeon™ 860M, No OS, Misty Grey","3.899,99"
eMAG,"Laptop Acer TravelMate P4 cu procesor Intel® Core i7-1355U up to 5.0 GHz, 16 inch Full HD 1920 x 1200, 16GB DDR4 RAM, 512GB SSD, Intel Iris Xe Graphics, Windows 11 Pro, Negru","3.099,00"
eMAG,"Laptop ASUS Vivobook Pro 15 OLED cu procesor Intel® Core™ Ultra 9 285H pana la 5.4GHz, 15.6'', 3K, OLED, 120Hz, 24GB DDR5 RAM, 2TB SSD, NVIDIA® GeForce RTX™ 4050 6GB GDDR6, Windows 11 Pro, Earl Gray","7.999,99"
eMAG,"Laptop Apple MacBook Pro 16"" cu procesor Apple M5 Max, 18 nuclee CPU, 40 nuclee GPU, 16 nuclee Neural Engine, 64GB RAM, 2TB SSD, Space Black, Tastatura Internationala","25.499,99"
eMAG,"Laptop ASUS Vivobook F1502VA Procesor Intel® Core™ i5-13420H 12M Cache, up to 4.60 GHz, 15.6"" FHD, 8GB DDR4, 512GB SSD, Intel® UHD Graphics, Albastru","2.095,00"
eMAG,"Laptop Lenovo Yoga 7 2-in-1 14AKP10 cu procesor AMD Ryzen™ AI 5 340 pana la 4.8GHz, 14"" WUXGA, OLED, Touch, 24GB LPDDR5x RAM, 1TB SSD, AMD Radeon™ 840M Graphics, Windows® 11 Home, Seashell, 3y on-site Premium Care","6.042,99"
eMAG,"Laptop Lenovo IdeaPad Slim 3 15IAN8 cu procesor Intel® N100 pana la 3.4GHz, 15.6"" FHD, IPS, 8GB LPDDR5, 128GB UFS, Intel® UHD Graphics, Windows® 11 Home S, Arctic Grey","2.490,18"
eMAG,"Laptop HP 250R G10 cu procesor Intel® Core™ 7 150U pana la 5.4GHz, 15.6"" Full HD, 16GB DDR5 RAM, 512GB SSD, Intel® Graphics, Windows 11 Pro, Dark ash silver","4.199,99"
eMAG,"Laptop Gaming Lenovo Legion 9 18IAX10 cu procesor Intel® Core Ultra 9 275HX pana la 5.4GHz, 18"" WQUXGA, IPS, 240Hz / 440Hz, 192GB DDR5 RAM, 4TB SSD, NVIDIA® GeForce RTX™ 5080 16GB GDDR7, No OS, Eclipse Black, 3y on-site Premium Care","24.999,99"
eMAG,"Laptop Apple MacBook Pro 14"" cu procesor Apple M4, 10 nuclee CPU si 10 nuclee GPU, 24GB RAM, 1TB SSD, Silver, Tastatura Internationala, Manual RO","9.699,99"
eMAG,"Laptop Asus Vivobook Go 15 E1504FA-BQ2337, 90NB0ZR1-M04190, 15.6"", AMD Ryzen 3 7320U (4 nuclee), AMD Radeon 610M, 8GB 5500MHz LPDDR5, Argintiu","2.699,30"
eMAG,"Laptop HP Pavilion Laptop 16-af0016nn cu procesor Intel® Core™ i5-1334U pana la 4.6GHz, 16'', 2K, OLED, 16GB LPDDR5X RAM, 1TB SSD, Intel® Iris® Xᵉ Graphics, Windows 11 Home, Natural silver aluminum","4.699,99"
eMAG,"Laptop Gaming Lenovo LOQ 15AHP11 cu procesor AMD Ryzen™ 7 250 pana la 5.1GHz, 15.3"" WUXGA, IPS, 165Hz, 16GB DDR5 RAM, 1TB SSD, NVIDIA GeForce RTX™ 5060 8GB GDDR7, No OS, Luna Grey, 3Y Courier","6.399,99"
eMAG,"Laptop ASUS Vivobook S16 M3607HA cu procesor AMD Ryzen 5 220 pana la 4.9GHz, 16'', WUXGA, IPS, 144Hz, 16GB DDR5 RAM, 1TB SSD, AMD Radeon Graphics, No OS, Cool Silver","3.029,99"
eMAG,"Laptop Gaming HP Victus 16-s0101nq cu procesor AMD Ryzen™ 7 7840HS pana la 5.1 GHz, 16.1"", Full HD, IPS, 144Hz, 32GB DDR5, 1TB SSD, NVIDIA GeForce RTX 4070 8GB, Free DOS, Mica Silver","6.941,88"
eMAG,"Laptop Lenovo ThinkPad T16 Gen 4 (Intel) cu procesor Intel® Core Ultra 7 255U pana la 5.20 GHz, 16"" WUXGA IPS, 64GB, 1TB SSD, Intel® Graphics, Windows® 11 Pro","8.999,99"
eMAG,"Apple MacBook Air 13'' cu procesor Apple M5, 10 nuclee CPU, 10 nuclee GPU, 16GB RAM, 1TB SSD, Sky Blue, Tastatura Internationala, Manual RO","7.399,99"
eMAG,"Laptop Lenovo ThinkPad T14 Gen 6 cu procesor AMD Ryzen™ AI 7 PRO 350 pana la 5.00 GHz, 14"" WUXGA IPS, 32GB RAM, 1TB SSD, AMD Radeon™ 860M Graphics, Windows 11 Pro, Black, 3-year, Courier or Carry-in","14.709,30"
eMAG,"Laptop Gaming Lenovo LOQ Essential 15IRX11 cu procesor Intel® Core i7-13650HX pana la 4.9GHz, 15.6"" Full HD, IPS, 144Hz, 16GB LPDDR5 RAM, 512GB SSD, NVIDIA® GeForce RTX™ 5050 8GB GDDR7, No OS, Luna Grey","5.099,99"
eMAG,"Laptop Lenovo IdeaPad Slim 3, 15.6"" Full HD, Intel® Core™ i5 12450H pana la 4.4 GHz, 16 GB RAM LPDDR5 4800, 512 GB SSD, Intel® UHD Graphics, Windows 11 Home, Abyss Blue 512 GB","5.324,00"
eMAG,"Laptop Gaming ASUS ROG Strix G16 G615LW cu procesor Intel® Core™ Ultra 9 275HX pana la 5.4GHz, 16"", 2.5K WQXGA, 240Hz, G-Sync, 32GB DDR5, 1TB SSD, NVIDIA® GeForce RTX™ 5080 16GB GDDR7, Windows 11 Pro, Eclipse Gray","15.199,99"
eMAG,"Laptop Acer Aspire Go 16 cu procesor Intel® Core™ i9-13900H pana la 5.4 GHz, 16"", WUXGA IPS, 120Hz, 32GB DDR5, 1TB SSD, Intel® Iris® Xe Graphics, No OS, Pure Silver","4.299,99"
eMAG,"Laptop ASUS ExpertBook P1 P1503CVA cu procesor Intel® Core™ i5-13420H pana la 4.6GHz, 15.6'', Full HD, 16GB DDR5 RAM, 1TB SSD, Intel® UHD Graphics, No OS, Misty Grey","2.855,99"
eMAG,"Laptop Gaming Razer Blade 16 cu procesor AMD Ryzen™ AI 9 365 pana la 5.00 GHz, 16"", QHD+ 240Hz OLED, 16GB RAM, 1TB SSD, GeForce RTX 5060, Windows 11 Home","13.499,99"
eMAG,"Laptop Gaming ASUS TUF F16 FX608JPR cu procesor Intel® Core™ i5 14450HX pana la 4.8GHz, 16'', Full HD+, WUXGA, IPS, 165Hz, 16GB DDR5 RAM, 1TB SSD, NVIDIA® GeForce RTX™ 5070 8GB GDDR7, No OS, Jaeger Gray","7.499,99"
eMAG,"Laptop HP ProBook 460 G11 cu Intel® Core™ Ultra 7 155U pana la 4.8GHz, 16"", WUXGA, IPS, 16GB DDR5 RAM, 512GB SSD, Intel® Graphics, Windows 11 Pro, Silver","5.699,99"
eMAG,"Laptop Apple MacBook Neo 13, Procesor Apple A18 Pro 6-core CPU, 5-core GPU, 13"" Liquid Retina, 8GB, 256GB, layout INT, Mac OS Verde","3.675,67"
eMAG,"Laptop HP ProBook 460 G11 cu procesor Intel® Core™ Ultra 7 155U pana la 4.8GHz, 16'', WUXGA, IPS, 16GB DDR5, 512GB SSD, Intel® Graphics, Free DOSS, Silver","4.487,39"
eMAG,"Laptop Lenovo Yoga Pro 9 16IAH10 cu procesor Intel® Core™ Ultra 7 255H pana la 5.1GHz, 16"" 2.8K, WQXGA+, OLED, 120Hz, 32GB LPDDR5x RAM, 1TB SSD, NVIDIA® GeForce RTX™ 5070 8GB GDDR7, Windows® 11 Home, Tidal Teal, 3y on-site Premium Care","11.499,99"
eMAG,"Laptop Lenovo IdeaPad Slim 3 15IRH10 cu procesor Intel® Core™ i5-13420H pana la 4.6GHz, 15.3"" WUXGA, IPS, 16GB DDR5 RAM, 512GB SSD, Intel® UHD Graphics, No OS, METAL, Luna Grey","3.194,51"
eMAG,"Apple MacBook Air 15'' cu procesor Apple M5, 10 nuclee CPU, 10 nuclee GPU, 16GB RAM, 1TB SSD, Midnight, Tastatura Internationala, Manual RO","8.799,99"
eMAG,"Laptop Acer Aspire 15 A15-51M-92TD cu procesor Intel® Core™ i9-13900H pana la 5.4GHz, 15,6"", Full HD, IPS, 16GB LPDDR5 RAM, 1TB SSD, Intel® Iris® Xe Graphics, Windows 11 Home, Steel Gray","4.299,99"
eMAG,"Laptop Gaming Lenovo Legion 5 15IRX10 cu procesor Intel® Core i9-14900HX pana la 5.8GHz, 15.1"" WQXGA, OLED, 165Hz, 32GB DDR5 RAM, 1TB SSD, NVIDIA® GeForce RTX™ 5070 8GB GDDR7, No OS, Eclipse Black, 3y on-site Premium Care","10.218,99"
eMAG,"Laptop Apple MacBook Pro 16"" cu procesor Apple M5 Pro, 18 nuclee CPU, 20 nuclee GPU, 16 nuclee Neural Engine, 48GB RAM, 1TB SSD, Textura Nano, Space Black, Tastatura Internationala","17.999,99"
eMAG,"Laptop Gaming ASUS ROG Strix SCAR 18 G835LW cu procesor Intel® Core™ Ultra 9 275HX pana la 5.4GHz, 18"", 2.5K WQXGA, Mini LED, 240Hz, G-Sync, 64GB DDR5, 2TB + 2TB SSD, NVIDIA® GeForce RTX™ 5080 16GB GDDR7, Windows 11 Pro, Off Black","19.009,99"
eMAG,"Laptop Lenovo ThinkPad E14 Gen 6 (Intel), 14"" WUXGA 1920x1200 IPS 300nits, Intel Core Ultra 5 125U 12-core, 16 GB DDR5, 512 GB SSD m2 PCIe, Intel Graphics, Aluminium Case 1.44kg Black","7.502,00"
eMAG,"Laptop HP ProBook 440 G10 cu procesor Intel® Core™ i7-1355U pana la 5.0 GHz, 14"", Full HD, IPS, 16GB DDR4, 512GB SSD, Intel® UHD Graphics, Free DOS, Pike Silver","3.899,99"
eMAG,"Laptop Lenovo IdeaPad Slim 5 14AKP10 cu procesor AMD Ryzen™ AI 7 350 pana la 5.0GHz, 14"" WUXGA, OLED, 32GB DDR5 RAM, 1TB SSD, AMD Radeon™ 860M Graphics, No OS, Luna Grey","4.778,99"
eMAG,"MacBook Pro 14.2""/Apple M5 Max (CPU 18-core, GPU 40-core, Neural Engine 16-core)/64GB/2TB - Silver - INT KB (No Adapter) - 2026 (CTO from MGDQ4RO/A)","27.143,82"
eMAG,"Laptop Apple MacBook Pro 14"" cu procesor Apple M5, 10 nuclee CPU si 10 nuclee GPU, 16GB RAM, 512GB SSD, Silver, Tastatura Internationala, Manual RO","8.799,99"
eMAG,"Laptop Lenovo IdeaPad Slim 5 14AHP10 cu procesor AMD Ryzen™ 7 8845HS pana la 5.1GHz, 14'', WUXGA, IPS, 16GB DDR5 RAM, 1TB SSD, AMD Radeon™ 780M Graphics, No OS, Luna Grey","3.499,99"
eMAG,"Laptop Lenovo Yoga 9 2-in-1 14ILL10 cu procesor Intel® Core™ Ultra 7 258V pana la 4.8GHz, 14"" 2.8K WQXGA+, OLED, 120Hz, Touch, 32GB LPDDR5x RAM, 1TB SSD, Intel® Arc™ Graphics, Windows® 11 Home, Luna Grey, 3y on-site Premium Care","9.599,99"
eMAG,"Laptop Apple MacBook Pro 16"" cu procesor Apple M4 Max, 14 nuclee CPU si 32 nuclee GPU, 36GB RAM, 1TB SSD, Space Black, Tastatura Internationala, Manual RO","17.999,99"
eMAG,"Laptop ASUS Vivobook 17 X1704VA cu procesor Intel® Core™ 5 120U pana la 5.0GHz, 17.3'', Full HD, IPS, 16GB DDR4 RAM, 1TB SSD, Intel® Graphics, No OS, Quiet Blue","3.099,99"
eMAG,"Laptop Lenovo Yoga Pro 7 14IAH10 cu procesor Intel Core™ Ultra 7 255H pana la 5.1GHz, 14.5"" 3K, OLED, 32GB LPDDR5x RAM, 1TB SSD, Intel® Arc™ 140T GPU, Windows 11 Pro, Luna Grey, 3y on-site Premium Care","7.799,99"
eMAG,"Laptop HP 250 G10 cu procesor Intel® Core™ i5-1334U pana la 4.6GHz, 15.6"", Full HD, IPS, 16GB DDR4 RAM, 512GB SSD, Intel® Iris® Xᶱ Graphics, Windows 11 Pro, Dark ash silver","3.199,99"
eMAG,"Laptop Gaming Acer Nitro V 15 ANV15-52-521T cu procesor Intel® Core™ i5-13420H pana la 4.6GHz, 15.6"" Full-HD, IPS, 165Hz. 16GB DDR4 RAM, 1TB SSD, NVIDIA® GeForce RTX™ 5050 8GB GDDR7, No OS, Obsidian Black","4.899,99"
eMAG,"Laptop Gaming ASUS ROG Strix SCAR 18 G835LX cu procesor Intel® Core™ Ultra 9 275HX pana la 5.4GHz, 18"", 2.5K WQXGA, Mini LED, 240Hz, G-Sync, 64GB DDR5, 2TB SSD, NVIDIA® GeForce RTX™ 5090 24GB GDDR7, Windows 11 Pro, Off Black","25.999,99"
eMAG,"Laptop Gaming ASUS TUF F16, Intel Core i5-14450HX, 16GB, 512GB SSD, NVIDIA RTX 5070, Negru/Gri, 16"" FHD+","7.880,65"
eMAG,"Apple MacBook Air 13'' cu procesor Apple M5, 10 nuclee CPU, 10 nuclee GPU, 24GB RAM, 1TB SSD, Midnight, Tastatura Internationala, Manual RO","8.199,99"
eMAG,"Laptop Lenovo Yoga 7 2-in-1 14ILL10 cu procesor Intel Core™ Ultra 7 258V pana la 4.8GHz, 14"" 2.8K WQXGA+, OLED, Touch, 32GB LPDDR5x RAM, 1TB SSD, Intel® Arc™ Graphics 140V, No OS, Seashell, 3y on-site Premium Care","5.499,99"
eMAG,"Laptop Lenovo LOQ 15ARP10E, 83S000ABBM, 15.6"", AMD Ryzen 5 150 (6-core), NVIDIA GeForce RTX 3050 (6GB GDDR6), 16GB 4800MHz (1x16GB) DDR5, Negru","5.403,76"
eMAG,"Laptop Lenovo Legion Pro 5 16IAX10, 83F3008EBM, Intel Core Ultra 7 255HX (20-core), NVIDIA GeForce RTX 5060 (8GB GDDR7), 32GB 5600MHz (2x16GB) DDR5, Negru","12.443,53"
eMAG,"Laptop Lenovo Legion Pro 5 16AFR10, 83F20041BM, AMD Ryzen 9 9955HX (16-core), NVIDIA GeForce RTX 5060 (8GB GDDR7), 32GB 5600MHz (2x16GB) DDR5, Negru","12.392,41"
eMAG,"Laptop Lenovo Yoga Pro 7 14AKP10, 83KG000RBM, 14.5"", AMD Ryzen AI 7 350 (8-core), AMD Radeon 860M, 32GB 8000MHz LPDDR5x, Albastru","8.839,29"
eMAG,"Laptop HP 250 G10 cu procesor Intel® Core™ i7-1355U pana la 5.0GHz, 15.6"", Full HD, 16GB DDR4 RAM, 512GB SSD, Intel® Iris® Xᵉ Graphics, Windows 11 Pro, Dark ash silver","3.799,99"
eMAG,"Apple MacBook Air 15'' cu procesor Apple M5, 10 nuclee CPU, 10 nuclee GPU, 16GB RAM, 512GB SSD, Silver, Tastatura Internationala, Manual RO","7.649,99"
eMAG,"Laptop ASUS Vivobook S16 M3607HA cu procesor AMD Ryzen 7 260 pana la 5.1GHz, 16'', WUXGA, IPS, 144Hz, 16GB DDR5 RAM, 1TB SSD, AMD Radeon Graphics, No OS, Cool Silver","3.844,99"
eMAG,"Laptop Asus TUF Gaming A15 FA507NUR-LP080, FA507NUR-LP080, 15.6"", AMD Ryzen 7 7435HS (8 nuclee), NVIDIA GeForce RTX 4050 (6GB GDDR6), 16GB 5600MHz (2x8GBy) DDR","9.642,93"
eMAG,"Laptop Auusda, Procesor Intel Corel i3 1000NG4 (pana la 3.2 GHz), 16GB, SSD 1TB, Roz, 16"" FHD, Windows 11 Pro, Intel Iris Plus Graphics, Roz","2.491,39"
eMAG,"Laptop Gaming Lenovo LOQ 17IRX10 cu procesor Intel® Core™ i7-14700HX pana la 5.5GHz, 17.3"" Full HD, IPS, 165Hz, 32GB DDR5 RAM, 1TB SSD, NVIDIA® GeForce RTX™ 5060 8GB GDDR7, No OS, Luna Grey","7.599,99"
eMAG,"Laptop ACEMAGIC 17.3"" cu procesor AMD Ryzen 3 4300U, 16GB DDR4 512GB, Full HD, AMD Radeon™ Graphics, Windows 11 Pro","2.062,11"
eMAG,"Laptop Dell Pro 14, Intel Core i5, 16GB RAM, SSD 512GB, Monitor 23.8"" 240Hz, Mouse Wireless, Geantă - Pachet Business Complet","8.866,70"
eMAG,Laptop Dell Ryzen 5 / 16GB / SSD 512GB + Monitor 24” + Geanta – Pachet Office Dell,"8.599,00"
eMAG,Laptop Dell i3 / 8GB RAM / SSD 512GB + Monitor 24” – Pachet Office Entry Dell,"7.320,00"
eMAG,Set Dell Work from Home: Laptop Dell 16” Ultra 7 / 32GB RAM / SSD 512GB + Monitor 27”,"13.999,00"
eMAG,Laptop Dell Ultra 7 / 32GB RAM / SSD 1TB + Docking Station + Monitor 27” – Workstation Office Dell,"16.058,52"
eMAG,"Laptop Apple MacBook Pro 14"" cu procesor Apple M5, 10 nuclee CPU si 10 nuclee GPU, 16GB RAM, 1TB SSD, Silver, Tastatura Internationala, Manual RO","9.199,99"
eMAG,"Laptop Gaming Lenovo LOQ 15IAX9 cu procesor Intel® Core™ i5-12600HX pana la 4.6GHz, 15.6"" Full HD, IPS, 16GB DDR5 RAM, 512GB SSD, 144Hz, NVIDIA® GeForce RTX™ 3050 6GB GDDR6, No OS, Luna Grey","3.993,00"
eMAG,"Laptop HP Pavilion Laptop 16-af0021nn cu procesor Intel® Core™ Ultra 5 125U pana la 4.3GHz, 16"", 2K, IPS, 16GB LPDDR5 RAM, 512GB SSD, Intel® Graphics, Free DOS, Natural silver aluminum","3.699,99"
eMAG,"Laptop Lenovo ThinkPad L14 G6 WUXGA 14 inch Intel Core Ultra 5 225U 16GB 512GB SSD Windows 11 Pro, Negru","7.367,99"
eMAG,"Laptop Apple MacBook Air 15"", cu procesor Apple M4, 10 nuclee CPU si 10 nuclee GPU, 16GB RAM, 512GB, Starlight, Tastatura Internationala, Manual RO","6.299,99"
eMAG,"Laptop Apple MacBook Pro 14"" cu procesor Apple M5 Pro, 18 nuclee CPU, 20 nuclee GPU, 16 nuclee Neural Engine, 48GB RAM, 1TB SSD, Space Black, Tastatura Internationala","17.361,99"
eMAG,"Laptop ASUS F1502ZA-SH34 i3-1215U 15.6"" FHD, 8GB, SSD, 256GB, Bluetooth Win11, Quiet Blue","1.932,02"
eMAG,Laptop Lenovo Yoga Slim 7 WUXGA 14 inch Intel Core Ultra 7 256V 16GB 512GB SSD Windows 11 Home Luna Grey,"5.636,99"
eMAG,"Laptop HP EliteBook 640 G11, Intel Core Ultra 5, 16 GB, 512 GB SSD, 35,6 cm (14""), argintiu","6.446,99"
eMAG,"Laptop Lenovo IdeaPad Slim 5 15IRH9R cu procesor Intel® Core™ 7 240H pana la 5.2GHz, 15.3"" WUXGA, IPS, 32GB LPDDR5x RAM, 1TB SSD, Intel® Graphics, No OS, Purple","3.999,99"
eMAG,"Laptop Lenovo V15 G4 ABP cu procesor AMD Ryzen™ 7 7730U pana la 4.5GHz, 15.6"" Full HD, IPS, 16GB DDR4, 512GB SSD, Video Integrated AMD Radeon™ Graphic, No OS, Business Black","2.549,99"
eMAG,Laptop Lenovo ThinkPad P16s G4 WUXGA 16 inch Intel Core Ultra 7 255H 32GB 1TB SSD RTX Pro 500 Blackwell Windows 11 Pro Black,"16.586,99"
eMAG,"Laptop Gaming Lenovo LOQ 15IRX10 cu procesor Intel® Core i5-13450HX pana la 4.6GHz, 15.6"" FHD, IPS, 144Hz, 16GB DDR5, 512GB SSD, NVIDIA® GeForce RTX™ 5050 8GB GDDR7, NO OS, Luna Grey","5.099,99"
eMAG,Laptop ASUS TUF Gaming A16 FA608UP-R7165W AMD Ryzen 7 260 40.6Cm 16inch WUXGA 16GB DDR5-SDRAM 512GB SSD NVIDIA GeForce RTX 5070 Wi-Fi 6E (802.11ax) NoOS Grey,"6.918,91"
eMAG,"Laptop Lenovo Legion Pro 7 16AFR10H, 83RU003QBM, AMD Ryzen 9 9955HX3D (16-core), NVIDIA GeForce RTX 5080 (16 GB GDDR7), 64GB 5600MHz (2x32GB) DDR5, Negru","28.225,51"
eMAG,"Laptop Lenovo IdeaPad Pro 5 16AKP10, 83JN002CBM, 16"", AMD Ryzen AI 5 340 (6-core), AMD Radeon 840M, 24GB 8000MHz LPDDR5x, Gri","5.961,01"
eMAG,"Laptop Lenovo V15 G4 AMN, 82YU0100BM, 15.6"", AMD Ryzen 3 7320U (4-core), AMD Radeon 610M, 16GB 5500MHz LPDDR5, Negru","2.643,06"
eMAG,"Laptop Gaming MSI Thin 15 B13VE cu procesor Intel® Core™ i5-13420H pana la 4.6GHz, 15.6'', IPS, Full HD, 144Hz, 16GB DDR4 RAM, 512GB SSD, NVIDIA® GeForce RTX™ 4050 6GB GDDR6, No OS, Cosmos Gray","3.999,99"
eMAG,"Laptop HP 250 G10 cu procesor Intel® Core™ i7-1360P pana la 5.0GHz, 15.6'' Full HD, IPS, 16GB DDR4 RAM, 1TB SSD, Intel® UHD Graphics, Free DOS, Turbo Silver","3.399,99"
eMAG,"Laptop Gaming GIGABYTE A16 cu procesor AMD Ryzen™ 7 260 pana la 5.1 GHz, 16"" IPS 165 Hz, Full HD, 16GB DDR5 RAM, 1TB SSD, NVIDIA® GeForce RTX™ 5060 8GB GDDR7, No OS, Black Steel","5.932,99"
eMAG,"Laptop Apple MacBook Pro 14"" cu procesor Apple M5, 10 nuclee CPU si 10 nuclee GPU, 32GB RAM, 2TB, Space Black, Tastatura Internationala, Manual RO","13.849,99"
eMAG,"Laptop Gaming Lenovo LOQ 15IRX10 cu procesor Intel® Core i7-13650HX pana la 4.9GHz, 15.6"" FHD, IPS, 144Hz, 16GB DDR5, 1TB SSD, NVIDIA® GeForce RTX™ 5050 8GB GDDR7, NO OS, Luna Grey","5.647,77"
eMAG,"Laptop Gaming MSI Katana 17 HX B14WEK cu procesor Intel® Core™ i7-14650HX pana la 5.2GHz, QHD, IPS, 240Hz, 16GB DDR5 RAM, 1TB SSD, NVIDIA® GeForce RTX™ 5050 8GB GDDR7, Free DOS, Black","6.499,99"
eMAG,"Laptop Acer Aspire Go 16 cu procesor Intel® Core™ i9-13900H pana la 5.4 GHz, 16"", WUXGA IPS, 120Hz, 16GB DDR5, 512GB SSD, Intel® UHD Graphics, No OS, Pure Silver","3.899,99"
eMAG,"Laptop HP 15-fd0092nq cu procesor Intel® Core™ i3-1315U pana la 4.5 GHz, 15.6"", Full HD, 8GB DDR4 RAM, 512GB SSD, Intel® UHD Graphics, Windows 11 Home, Diamond White","2.399,99"
eMAG,"Laptop Lenovo Yoga Pro 7 14IAH10 cu procesor Intel Core™ Ultra 7 255H pana la 5.1GHz, 14.5"" 3K, OLED, 32GB LPDDR5x RAM, 1TB SSD, Intel® Arc™ 140T GPU, Windows 11 Home, Luna Grey, 3y on-site Premium Care","7.499,99"
eMAG,"Laptop Lenovo V15 G4 IRU cu procesor Intel® Core™ i3-1315U pana la 4.5 GHz, 15.6"", Full HD, IPS, 8GB DDR4 RAM, 256GB SSD, Intel® UHD Graphics, No OS, Business Black, 3y Carry-in","1.799,00"
eMAG,"Laptop Lenovo IdeaPad Slim 5 16AKP10 cu procesor AMD Ryzen™ AI 5 340 pana la 4.8GHz, 16"" 2.8K, OLED, 120Hz, 16GB DDR5 RAM, 1TB SSD, AMD Radeon™ 840M Graphics, No OS, Luna Grey","4.299,99"
eMAG,"Laptop Apple MacBook Pro 14"" cu procesor Apple M5 Pro, 15 nuclee CPU, 16 nuclee GPU, 16 nuclee Neural Engine, 48GB RAM, 1TB SSD, Silver, Tastatura Internationala","16.272,69"
eMAG,"Laptop Lenovo Yoga 7 2-in-1 14AKP10 cu procesor AMD Ryzen™ AI 7 350 pana la 5.0GHz, 14"" 2.8K WQXGA+, OLED, Touch, 32GB LPDDR5x RAM, 1TB SSD, AMD Radeon™ 860M Graphics, Windows 11 Home, Seashell, 3y on-site Premium Care","6.799,99"
eMAG,"Laptop Gaming Lenovo Legion 7 16IAX10 cu procesor Intel® Core™ Ultra 9 275HX pana la 5.4GHz, 16"" WQXGA, OLED, 240Hz, 32GB DDR5 RAM, 1TB SSD, NVIDIA® GeForce RTX™ 5060 8GB GDDR7, No OS, Glacier White, 3y on-site Premium Care","11.536,99"
eMAG,"Laptop Gaming 15.6-inch IPS cu procesor AMD Ryzen 7 5825U,16GB DDR4 512GB M.2 2280 NVMe SSD, WIFI6, Windows 11 Pro","2.782,88"
eMAG,"Laptop Acer Aspire Lite 16 AL16-54P-3185 cu procesor Intel® Core™ i3-1305U pana la 4.5GHz, 16'', WUXGA, IPS, 8GB DDR5 RAM, 256GB SSD, Intel® UHD Graphics, No OS, Light Silver","1.699,99"
eMAG,"Laptop Gaming Lenovo LOQ 15AHP10 cu procesor AMD Ryzen™ 7 250 pana la 5.1GHz, 15.6"", Full HD, IPS, 144Hz, 16GB DDR5 RAM, 1TB SSD, NVIDIA® GeForce RTX™ 5060 8GB GDDR7, No OS, Luna Grey","6.299,99"
eMAG,"Laptop Lenovo Yoga Slim 7 Ultra 14IPH11 cu procesor Intel Core™ Ultra X9 388H pana la 5.1GHz, 14"" 2.8K, WQXGA+, POLED, 32GB LPDDR5x RAM, 1TB SSD, Intel® Arc™ B390 GPU, Windows 11 Pro, Cosmic Blue, 3y on-site Premium Care","10.509,99"
eMAG,"Laptop Apple MacBook Air 13-inch, True Tone, procesor Apple M1 , 8 nuclee CPU si 7 nuclee GPU, 8GB, 256GB, Space Grey, INT KB","4.599,21"
eMAG,"Laptop HP 250 G10, cu procesor Intel® Core™ i7-1355U pana la 5.0 GHz, 15.6"", Full HD, 16GB DDR4, 512GB SSD, Intel® Iris® Xᵉ Graphics, Windows 11 Pro, Dark ash silver","3.799,99"
eMAG,"Laptop Lenovo IdeaPad Slim 5 16IRH10 cu procesor Intel® Core™ i5-13420H pana la 4.6GHz, 16"" WUXGA, IPS, 32GB DDR5 RAM, 1TB SSD, Intel® UHD Graphics, No OS, Cosmic Blue","4.849,68"
eMAG,"Laptop Lenovo Yoga Slim 7 14ILL10 cu procesor Intel Core™ Ultra 7 258V pana la 4.8GHz, 14"" 2.8K, WQXGA+, OLED, 32GB LPDDR5x RAM, 1TB SSD, Intel® Arc™ Graphics 140V, Windows 11 Home, Seashell, 3y on-site Premium Care","5.999,99"
eMAG,"Laptop HP EliteBook 665 G11 cu procesor AMD Ryzen™ 5 7535U pana la 4.5GHz, 16"", WUXGA, IPS, 16GB DDR5 RAM, 512GB SSD, AMD Radeon™ 660M Graphics, Windows 11 Pro, Pike silver aluminum","4.984,00"
eMAG,"Laptop ASUS Vivobook 15 M1502YA cu procesor AMD Ryzen™ 7 7730U pana la 4.5GHz, 15.6'', Full HD, IPS, 8GB DDR4, 512GB SSD, AMD Radeon™ Graphics, No OS, Cool Silver","2.499,99"
eMAG,"Laptop 15.6"" cu procesor AMD Ryzen 3 4300U, 16GB DDR4 512GB SSD, Windows 11 Pro,1920*1080 Full HD, AMD Radeon Graphics, Gri","1.803,47"
eMAG,"Laptop HP 15-fd0014nq cu procesor Intel® Core™ i7-1355U pana la 5.0 GHz, 15.6"", Full HD, 16GB DDR4 RAM, 1TB SSD, Intel® Iris® Xe Graphics, Free DOS, Warm Gold","3.299,99"
eMAG,"Apple MacBook Pro 14'' cu procesor Apple M5, 10 nuclee CPU, 10 nuclee GPU, 32GB RAM, 1TB SSD, Space Black, Tastatura Internationala, Manual RO","11.199,99"
eMAG,"Laptop Lenovo IdeaPad Pro 5 14IAH10 cu procesor Intel® Core™ Ultra 7 255H pana la 5.1GHz, 14"" 2.8K, OLED, 120Hz, 24GB LPDDR5x RAM, 1TB SSD, Intel® Arc™ 140T GPU, No OS, Luna Grey","5.399,99"
eMAG,"Laptop Apple MacBook Pro 16 Procesor Apple M5 Pro 18-core CPU / 20-core GPU 16.2"" Liquid Retina XDR Textura Nano, 64GB, 1TB SSD, Mac OS, Layout INT, Argintiu","21.847,35"
eMAG,"Laptop Acer Aspire Lite 15 AL15-72P-54J8 cu procesor Intel® Core™ i5-13420H pana la 4.6GHz, 15.6'', Full HD, IPS, 16GB DDR5 RAM, 512GB SSD, Intel® UHD Graphics, No OS, Pure Silver","2.499,99"
eMAG,"Laptop Lenovo IdeaPad Slim 3 15AHP10 cu procesor AMD Ryzen™ 7 8840HS pana la 5.1GHz, 15.3"" WUXGA, IPS, 16GB DDR5 RAM, 1TB SSD, AMD Radeon™ 780M Graphics, No OS, Luna Grey","3.199,99"
eMAG,"Laptop HP Pavilion 16-af0018nn cu procesor Intel® Core™ i5-1334U pana la 4.6GHz, 16"", 2K, OLED, 120Hz, 16GB LPDDR5 RAM, 512GB SSD, Intel® Iris® Xᵉ Graphics, Windows 11 Home, Natural silver aluminum","4.599,99"
eMAG,"Laptop Business Dell Pro 15 Essential cu procesor Intel® Core™ i7-1355U pana la 5.00 GHz, 15.6"", Full HD, 120Hz, 16GB RAM, 512GB SSD, Intel® UHD Graphics, Ubuntu, FPR, Backlit, 3y ProSupport and Next Business Day Onsite","3.199,99"
eMAG,"Laptop Asus Zenbook A14 Snapdragon X X1 26 100, UX3407QA-QD306W, 14"", Snapdragon X Plus X1P-42-100 (8-core), Qualcomm Adreno GPU, 32GB LPDDR5X, Gri","8.619,46"
eMAG,"Laptop Lenovo ThinkBook 14 G8 IAL cu procesor Intel® Core™ Ultra 7 255H pana la 5.10 GHz, 14"", WUXGA, IPS, 16GB RAM, 512GB SSD, Intel Graphics, No OS","3.899,99"
eMAG,"Laptop Lenovo IdeaPad Slim 5 14IRH10 cu procesor Intel® Core i5-13420H pana la 4.6GHz, 14'', WUXGA, IPS, 16GB DDR5 RAM, 1TB SSD, Intel® UHD Graphics, No OS, Luna Grey","3.049,99"
eMAG,"Apple MacBook Air 13'' cu procesor Apple M5, 10 nuclee CPU, 8 nuclee GPU, 16GB RAM, 512GB SSD, Sky Blue, Tastatura Internationala, Manual RO","5.999,99"
eMAG,"Laptop Lenovo ThinkPad T14 Gen 6 cu procesor Intel Core™ Ultra 7 255U pana la 5.2GHz, 14"" 2.8K, OLED, Touch, 120Hz, 32GB DDR5 RAM, 1TB SSD, Intel® Graphics, Windows® 11 Pro, Black, 3Y Courier","11.599,99"
eMAG,"Apple MacBook Air 15'' cu procesor Apple M5, 10 nuclee CPU, 10 nuclee GPU, 16GB RAM, 512GB SSD, Midnight, Tastatura Internationala, Manual RO","7.349,99"
eMAG,"Laptop HP ZBook Firefly 14 G10, 14 inch, Intel i7-1365U, 16 GB RAM, 512 GB SSD, Intel Intel Iris Xe Graphics, Windows 11 Pro, tastatura cu layout frantuzesc","4.899,00"
eMAG,"Laptop ASUS Vivobook 15 M1502YA cu procesor AMD Ryzen™ 5 7430U pana la 4.3GHz, 15.6'', Full HD, 16GB DDR4 RAM, 512GB SSD, AMD Radeon™ Graphics, No OS, Quiet Blue","2.299,99"
eMAG,"Laptop Lenovo IdeaPad Slim 3 15IRH10, 83K10078BM, 15.3"", Intel Core i5-13420H (8-core), Intel UHD Graphics, 24GB (8GB la bord + 16GB) 4800MHz DDR5, Albastru","3.522,39"
eMAG,"Laptop Gaming MSI Thin 15 B13UC-3430XRO cu procesor Intel® Core i5-13420H pana la 4.6GHz, 15.6"" Full HD, 144Hz, IPS, 16GB DDR4 RAM, 512GB SSD, NVIDIA GeForce RTX 3050 4GB GDDR6, No OS, Black","3.399,99"
eMAG,"Laptop Blackview Acebook 12, Intel® Core™ i5-1030NG7, 16GB+512GB, Windows 11 Pro, 16"" FHD+, 3.6GHz, HDMI 2.0, Bluetooth, USB 3.0, Senzor de amprenta, WLAN 5G, Gri","2.799,99"
eMAG,"Laptop Gaming MSI Cyborg 15 B2RWFKG cu procesor Intel® Core™ 7 240H pana la 5.2GHz, 15.6'', IPS, Full HD, 144Hz, 16GB DDR5 RAM, 512GB SSD, NVIDIA GeForce RTX 5060 8GB GDDR7, No OS, Translucent Black","5.699,99"
eMAG,"Laptop HP 250 G10 cu procesor Intel® Core™ i7-1355U pana la 5.0 GHz, 15.6"", Full HD, 16GB DDR4 RAM, 512GB SSD, Intel® Iris® Xᵉ Graphics, Free DOS, Turbo silver","3.099,99"
eMAG,"Laptop Gaming Lenovo Legion 5 15IAX10 cu procesor Intel Core™ Ultra 9 275HX pana la 5.4GHz, 15.1"" WQXGA, OLED, 32GB DDR5 RAM, 1TB SSD, NVIDIA GeForce RTX™ 5070 8GB GDDR7, No OS, Eclipse Black, 3y on-site Premium Care","9.999,99"
eMAG,"Laptop Gaming ASUS TUF F16 cu procesor Intel® Core™ 5 210H pana la 4.80 GHz, 16'', Full HD+, WUXGA, 144Hz, IPS, 16GB DDR4 RAM, 1TB SSD, NVIDIA® GeForce RTX™ 3050 6GB GDDR6, No OS, Mecha Gray","4.399,99"
eMAG,"Laptop ASUS Zenbook 14 AX3405CA cu procesor Intel® Core™ Ultra 7 255H pana la 5.1GHz, 14'', 3K, OLED, 120Hz, 16GB LPDDR5X RAM, 1TB SSD, Intel® Arc™ Graphics, Windows 11 Home, Ponder Blue","5.499,99"
eMAG,"Laptop Apple MacBook Air 15"", cu procesor Apple M4, 10 nuclee CPU si 10 nuclee GPU, 24GB RAM, 512GB, Starlight, Tastatura Internationala, Manual RO","6.999,99"
eMAG,"Laptop Lenovo ThinkBook 16 G9, Intel Core i7, 16GB RAM, 1TB SSD, Gri, 16""","4.849,46"
eMAG,"Laptop HP EliteBook X G1a, 14'', 2.8K Touch, R9 AI Pro HX 375, 1TB, 32GB, Windows 11 Pro","12.099,76"
eMAG,"Laptop Apple MacBook Air 15"", cu procesor Apple M4, 10 nuclee CPU si 10 nuclee GPU, 24GB RAM, 512GB, Sky Blue, Tastatura Internationala, Manual RO","6.999,99"
eMAG,"Laptop Lenovo ThinkPad T14 Gen 6 cu procesor Intel Core™ Ultra 7 258V pana la 4.8GHz, 14"" WUXGA, IPS, 32GB LPDDR5x RAM, 1TB SSD, Intel® Arc™ Graphics 140V, Windows® 11 Pro, Black, 3Y Courier","9.999,99"
eMAG,"Laptop HP 250R G10 cu procesor Intel® Core™ 5 120U pana la 5.0GHz, 15.6"" Full HD, 16GB DDR5 RAM, 512GB SSD, Intel® Graphics, Win 11 Pro, Dark ash silver","3.599,99"
eMAG,"Laptop ASUS B1503CVA, 15.6"" Full HD, Intel® Core™ i3 1315U pana la 4.5 GHz, 8 GB RAM DDR5, 512 GB SSD, Intel UHD Graphics, Free Dos, Gentle Grey 512 GB","2.517,38"
eMAG,"Laptop Lenovo ThinkPad P16 Gen 2 cu procesor Intel® Core™ i9-13980HX pana la 4.0GHz, 16"" WQUXGA, IPS, 64GB DDR5 RAM, 2TB SSD, NVIDIA® RTX 4000 12GB GDDR6, Windows® 11 Pro, Storm Grey, 3y on-site Premium Care","21.999,99"
eMAG,"Laptop Auusda cu procesor intel celeon N5100 15.6', Full HD, IPS, 32GB DDR4 RAM, 1TB SSD, Intel UHD Graphics, Windows 11 Pro, WiFi5, Tastatura iluminata, Up to 8TB Storage, Rosu","2.612,39"
eMAG,"Laptop Gaming Lenovo Legion Pro 5 16IAX10H cu procesor Intel® Core™ Ultra 9 275HX pana la 5.4GHz, 16"" WQXGA, OLED, 240Hz, 32GB DDR5 RAM, 2x 1TB SSD, NVIDIA® GeForce RTX™ 5070 Ti 12GB GDDR7, No OS, Eclipse Black, 3y on-site Premium Care","13.499,99"
eMAG,Laptop ASUS Vivobook S16 S3607VA-RP097W Core 5 210H 16.0inch WUXGA 16GB 512GB Windows 11 Home Cool Silver,"3.997,99"
eMAG,"Laptop Lenovo IdeaPad Slim 3 15IRH10 cu procesor Intel® Core™ i5-13420H pana la 4.6GHz, 15.3"" WUXGA, IPS, 24GB DDR5 RAM, 1TB SSD, Intel® UHD Graphics, No OS, METAL, Cosmic Blue","2.899,99"
eMAG,"Laptop Asus ROG Strix G16 G615LW-S5029W, G615LW-S5029W, 16"", Intel Core Ultra 9 275HX (24-core), NVIDIA GeForce RTX 5080 (16 GB GDDR7), 32GB 5600MHz (2x16GB) DDR5, Negru","21.083,49"
eMAG,"Laptop Gaming ASUS TUF F16 cu procesor Intel® Core™ 5 210H pana la 4.80 GHz, 16'', Full HD+, WUXGA, 144Hz, IPS, 16GB DDR5 RAM, 512GB SSD, NVIDIA® GeForce RTX™ 4050 6GB GDDR6, No OS, Mecha Gray","4.499,99"
eMAG,"Laptop HP OmniBook X Flip Next Gen AI 16-as0023nn cu procesor Intel® Core™ Ultra 7 256V pana la 4.8GHz, 16"", 2K, IPS, Touch, 16GB LPDDR5x RAM, 1TB SSD, Intel® Arc™, Windows 11 Home, Glacier silver","6.499,99"
eMAG,"Laptop Business Dell Pro 15 Essential cu procesor Intel® Core™ i5-1334U pana la 4.60 GHz, 15.6"", Full HD, 120Hz, 8GB RAM, 512GB SSD, Intel® UHD Graphics, Windows 11 Pro, FPR, Backlit, 3y ProSupport and Next Business Day Onsite","2.999,99"
eMAG,"Laptop Energizer Ultimate EnergyBook Pro cu procesor AMD Ryzen™ 5 3500U pana la 3.70GHz, 18.5'', FHD, 16GB RAM, 512GB SSD, Radeon™ Vega 8 Graphics, Windows 11 Home, Grey","2.099,99"
eMAG,"Laptop HP 255R G10, AMD Ryzen 5, 8 GB DDR5, 512 GB SSD, 15.6"" Full HD","2.820,99"
eMAG,"Laptop Lenovo IdeaPad Slim 3 15ARP10 cu procesor AMD Ryzen™ 5 7535HS pana la 4.55GHz, 15.3"" WUXGA, IPS, 16GB DDR5 RAM, 512GB SSD, AMD Radeon™ 660M Graphics, No OS, Luna Grey, Aluminiu","2.449,99"
eMAG,"Laptop Asus V3607VM-RP107, V3607VM-RP107, 14"", Intel Core 7 240H (10-core), NVIDIA GeForce RTX 5060 (8GB GDDR7), 16GB 5600MHz (1x16GB) DDR5, Negru","8.000,85"
eMAG,"Laptop Dell Inspiron 16 Plus 7640 Ice Blue, cu display 16"" si rezolutie 2.5K, Intel Core Ultra 7-155H, 16GB LPDDR5X RAM, 1TB SSD, Intel Arc Graphics, Windows 11 Pro","7.049,00"
eMAG,"Laptop Lenovo IdeaPad Slim 5 13ARP10 cu procesor AMD Ryzen™ 5 7535HS pana la 4.55GHz, 13.3"" WUXGA, IPS, 16GB LPDDR5x RAM, 1TB SSD, AMD Radeon™ 660M Graphics, No OS, Cloud Grey","2.999,99"
eMAG,"Laptop MacBook Pro 14″ cu procesor Apple M5 cu 10 nuclee CPU si 10 nuclee GPU, 32GB RAM , 512GB SSD, Space Black, Tastatura Internationala","10.899,99"
eMAG,"Laptop Gaming ASUS TUF F16 cu procesor Intel® Core™ 5 210H pana la 4.80 GHz, 16'', Full HD+, WUXGA, 144Hz, IPS, 16GB DDR4 RAM, 512GB SSD, NVIDIA® GeForce RTX™ 3050 6GB GDDR6, No OS, Mecha Gray","4.199,99"
eMAG,"Laptop HP OmniBook 5, 16"", 2K, AMD Ryzen 5 8540U, 16 GB RAM, 512 GB SSD, Argintiu","3.850,99"
eMAG,"Laptop Lenovo ThinkPad T14s Gen 6 cu procesor Intel Core™ Ultra 5 228V pana la 4.50 GHz, 14"" WUXGA IPS, 32GB, 1TB SSD, Intel® Arc™ Graphics 130V, Windows 11 Pro, Black, 3-year, Courier or Carry-in","10.899,99"
eMAG,"Laptop Apple MacBook Air 13"" cu procesor Apple M4, 10 nuclee CPU si 10 nuclee GPU, 16GB RAM, 512GB, Silver, Tastatura US, Manual RO","5.399,99"
eMAG,"Laptop Lenovo Thinkbook 16 G8 IRL cu procesor Intel® Core™ 5 210H pana la 4.8GHz, 16"" WUXGA, IPS, 64GB DDR5, 8500 GB SSD, Intel® Graphics, No OS, Arctic Grey","21.780,00"
eMAG,"Laptop Lenovo V15 G4 ABP cu procesor AMD Ryzen™ 7 7730U pana la 4.5GHz, 8 cores, 15.6"" Full HD, IPS, 24GB DDR4, 8500 GB SSD, Video Integrated AMD Radeon™ Graphic, No OS, Business Black","18.150,00"
eMAG,"Laptop Lenovo Thinkbook 16 G8 IRL cu procesor Intel® Core™ 5 210H pana la 4.8GHz, 16"" WUXGA, IPS, 48GB DDR5, 2 TB SSD, Intel® Graphics, No OS, Arctic Grey","9.680,00"
eMAG,"Laptop Lenovo V15 G4 ABP cu procesor AMD Ryzen™ 7 7730U pana la 4.5GHz, 8 cores, 15.6"" Full HD, IPS, 32GB DDR4, 8500 GB SSD, Video Integrated AMD Radeon™ Graphic, No OS, Business Black","16.819,00"
eMAG,"Laptop Lenovo 15.6'' V15 G4 IRU, FHD IPS, Procesor Intel® Core™ i5-13420H (12M Cache, up to 4.60 GHz), 24GB DDR4, 6.4 TB SSD, GMA UHD, No OS, Business Black","15.730,00"
eMAG,"Laptop HP 15-fc0045nq cu procesor AMD Ryzen™ 3 7320U pana 4.10 GHz, 15.6"", Full HD, 8GB RAM, 1TB SSD, AMD Radeon™, Free DOS","1.999,99"
eMAG,"Laptop Gaming ASUS ROG Strix SCAR 16 G635LX cu procesor Intel® Core™ Ultra 9 275HX pana la 5.4GHz, 16"", 2.5K WQXGA, Mini LED, 240Hz, G-Sync, 64GB DDR5, 2TB SSD, NVIDIA® GeForce RTX™ 5090 24GB GDDR7, No OS, Off Black","19.999,99"
eMAG,"Laptop Blackview Acebook 6,16GB DDR4 512GB SSD, AMD Ryzen 5 3500U 3.7GHz/ Radeon Vega 8, Win11 Home, 38Wh,15.6"" FHD+, HDMI 2.0, Bluetooth 5.0, USB 3.0, WLAN 5G, Gri","2.599,96"
eMAG,"Laptop Apple MacBook Pro 14"" cu procesor Apple M3, 8 nuclee CPU si 10 nuclee GPU, 16GB, 512GB SSD, Silver, Tastatura Internationala, 96W USB-C","7.899,99"
eMAG,"Laptop HP 15, 15.6"" Full HD, Intel® Core™ i5 1334U pana la 4.6 GHz, 16 GB RAM DDR4 3200, 512 GB SSD, Intel Iris Xᵉ Graphics, Windows 11 Home, Natural Silver 512 GB","2.849,00"
eMAG,"Laptop Lenovo ThinkPad X9-15 G1 Aura, 21Q60023BM, 15.3"", Intel Core Ultra 7 258V (8-core), Intel Arc 140V 8 Core, 32GB 8533MHz LPDDR5x, Gri","21.060,20"
eMAG,"Laptop Apple MacBook Air 13"", cu procesor Apple M4, 10 nuclee CPU si 10 nuclee GPU, 24GB RAM, 512GB, Starlight, Tastatura Internationala, Manual RO","7.031,99"
eMAG,"Laptop Lenovo Thinkbook 16 G7, Lenovo, Thinkbook 16 G7, 356x253,5x17,5 mm, Procesor Amd Ryzen 5 7533Hs, Memorie Ram 32Gb Ddr5, Stocare 2Tb Ssd M.2, Ecran 16"" 1920x1200, Gri Arctic","5.595,43"
eMAG,"Laptop Apple MacBook Neo 13"" cu procesor Apple A18 Pro, 6 nuclee CPU, 5 nuclee GPU, 16 nuclee Neural Engine, 8GB RAM, 256GB SSD, Silver, Tastatura US English","3.299,99"
eMAG,"Laptop HP 15-fd0045nq cu procesor Intel® Core™ i3-1315U pana la 4.5 GHz, 15.6"", Full HD, 8GB DDR4 RAM, 512GB SSD, Intel® UHD Graphics, Free DOS, Natural Silver","2.060,49"
eMAG,"Laptop Lenovo Yoga Slim 7 14ILL10 cu procesor Intel Core™ Ultra 7 258V pana la 4.8GHz, 14"" WUXGA, OLED, 32GB LPDDR5x RAM, 1TB SSD, Intel Arc Graphics 140V, Windows 11 Home, Seashell, 3y on-site Premium Care","5.699,99"
eMAG,"Laptop Lenovo V15 G4 IRU, Intel Core i5, 16 GB 1 TB SSD, 15.6 "" Full HD 1920 x 1080 TN, Intel® UHD Graphics, 3200 MHz, Windows 11 Pro","4.840,00"
eMAG,"Laptop Gaming Acer Nitro V 15 ANV15-52-53R0 cu procesor Intel® Core™ 5 210H pana la 4.8 Ghz, 15.6"", FullHD IPS, 165 Hz, 16GB DDR5,1TB SSD, NVIDIA® GeForce RTX™ 3050, No OS, Black","4.099,99"
eMAG,"Laptop Lenovo IP 3 Slim 15.6"" R5 5625U 8GB RAM, 512GB SSD, Windows 11 Home, Arctic Grey","3.872,00"
eMAG,"Laptop Acer Aspire Go 15 AG15-71P-58WM cu procesor Intel® Core™ i5-1334U pana la 4.6GHz, 15.6'' Full HD, IPS, 16GB DDR5 RAM, 512GB SSD, Intel® Iris® Xe Graphics, No OS, Pure Silver","2.363,99"
eMAG,"Laptop ASUS Vivobook X1504VA Procesor Intel Core i3-1315U 10M Cache, up to 4.50 GHz 15.6"" FHD, 8GB, 512GB SSD, Intel UHD Graphics, Argintiu","1.899,99"
eMAG,"Laptop Lenovo IdeaPad 5 2-in-1 16AKP10 cu procesor AMD Ryzen™ AI 7 350 pana la 5.0GHz, 16"" WUXGA, IPS, Touch, 16GB LPDDR5x RAM, 1TB SSD, AMD Radeon™ 860M Graphics, Windows® 11 Home, Cosmic Blue","5.199,99"
eMAG,"Laptop ASUS Vivobook 15 A1504VA cu procesor Intel® Core™ 5 120U pana la 5.0GHz, 15.6'', Full HD, IPS, 16GB DDR5, 512GB SSD, Intel® Graphics, Windows 11 Home, Quiet Blue","2.999,99"
eMAG,"Laptop Razer Gaming Blade 18 cu procesor Intel® Core™ Ultra 9 275HX pana la 5.40 GHz, 18"", UHD+ 240Hz / FHD+ 440Hz, 64GB DDR5, 2x 2TB SSD, GeForce RTX 5090 24GB, Windows 11 Home","27.509,99"
eMAG,"Laptop Gaming Lenovo Legion Pro 7 16IAX10H cu procesor Intel® Core Ultra 7 255HX pana la 5.2GHz, 16"" WQXGA, OLED, 240Hz, 32GB DDR5 RAM. 1TB SSD, NVIDIA® GeForce RTX™ 5070 Ti 12GB GDDR7, No OS, Glacier White, 3y on-site Premium Care","13.599,99"
eMAG,"Lenovo ThinkPad P14s Gen 1, Ryzen 7 4750U, 16GB DDR4, 512GB SSD, Win 11 Pro","4.383,50"
eMAG,"Laptop Lenovo V15 G5 IRL cu procesor Intel® Core™ i5-13420H pana la 4.6GHz, 15.6"" Full HD, 16GB DDR5 RAM, 512GB SSD, Intel® UHD Graphics, Windows® 11 Pro, Business Black, 3y on-site Premium Care","3.299,99"
eMAG,"Laptop Apple MacBook Air 13"" cu procesor Apple M5, 10 nuclee CPU, 10 nuclee GPU, 16 nuclee Neural Engine, 32GB RAM, 512GB SSD, Starlight, Tastatura Internationala","8.299,99"
eMAG,"Laptop Lenovo IdeaPad 5 2-in-1 16IAL10 cu procesor Intel® Core Ultra 7 255H pana la 5.1GHz, 16"" WUXGA, IPS, Touch, 16GB LPDDR5x RAM, 1TB SSD, Intel® Arc™ Graphics, Windows® 11 Home, Cosmic Blue","5.299,99"
eMAG,"Laptop Lenovo Thinkbook 16 G7, 356x253,5x17,5 mm, Procesor Amd Ryzen 5 7533Hs, Memorie Ram 16Gb Ddr5, Stocare 1Tb Ssd M.2, Ecran 16"" 1920x1200, Arctic Grey","4.815,92"
eMAG,"Laptop Microsoft Surface Pro 11 cu procesor Qualcomm® Snapdragon® X Plus pana la 3.4GHz, 13'', 2.8K, 16GB DDR5 RAM, 512GB SSD, Qualcomm® Adreno™ GPU, Windows 11 Home, Black","6.754,98"
eMAG,"Laptop HP 17-cn3005nq cu procesor Intel® Core™ i5-1334U pana la 4.6GHz, 17.3'', Full HD, IPS, 16GB RAM, 512GB SSD, Intel® Iris® Xe, Free DOS, Black","3.027,01"
eMAG,"Laptop Gaming Lenovo LOQ 17IRX10 cu procesor Intel® Core i5-13450HX pana la 4.6GHz, 17.3"" Full HD, IPS, 165Hz, 16GB DDR5 RAM, 1TB SSD, NVIDIA® GeForce RTX™ 5050 8GB GDDR7, No OS, Luna Grey","5.799,99"
eMAG,"Laptop ASUS ExpertBook P3 PM3606CKA cu procesor AMD Ryzen™AI 5 330 pana la 4.5GHz, 16'', WUXGA, 16GB DDR5 RAM, 512GB SSD, AMD Radeon™ Graphics, No OS, Misty Grey","3.049,99"
eMAG,"Laptop Gaming Lenovo LOQ 15IAX9 cu procesor Intel® Core™ i5-12600HX pana la 4.6GHz, 15.6"" Full HD, IPS, 144Hz, 16GB DDR5 RAM, 512GB SSD, NVIDIA® GeForce RTX™ 4050 6GB GDDR6, No OS, Luna Grey","5.316,03"
eMAG,"Laptop Lenovo ThinkPad T14s Gen 6 cu procesor Intel Core™ Ultra 7 255U pana la 5.2GHz, 14"" 2.8K, OLED, Touch, 120Hz, 32GB LPDDR5x RAM, 512GB SSD, Intel® Graphics, Windows® 11 Pro, Black, 3Y Courier","11.499,99"
eMAG,"Laptop Lenovo Yoga Pro 9 16IAH10 cu procesor Intel® Core™ Ultra 7 255H pana la 5.1GHz, 16"" 2.8K WQXGA+, OLED, 120Hz, 32GB LPDDR5x RAM, 1TB SSD, NVIDIA® GeForce RTX™ 5050 8GB GDDR7, Windows® 11 Home, Tidal Teal, 3Y Premium Care","9.799,99"
eMAG,"Laptop HP 15-fd0103nq cu procesor Intel® Core™ 7 150U pana la 5.4 GHz, 15.6"" Full HD, 16GB DDR5, 512 GB SSD, Intel® Graphics, Windows 11 Home, Silver","3.799,99"
eMAG,"Laptop Lenovo IdeaPad Slim 5 14IRH10R cu procesor Intel® Core™ 7 240H pana la 5.2GHz, 14"" WUXGA, IPS, 16GB DDR5 RAM, 1TB SSD, Intel® Graphics, No OS, Luna Grey","4.099,99"
eMAG,"Laptop ASUS Gaming 16'' TUF F16 FX608JHR, FHD+ 165Hz, Procesor Intel® Core™ i5 14450HX (20M Cache, up to 4.80 GHz), 16GB DDR5, 512GB SSD, GeForce RTX 5050 8GB, No OS, Jaeger Gray","5.514,99"
eMAG,"Apple MacBook Pro 14.2'' Laptop with Apple M4 Pro Processor, 14 CPU Cores and 20 GPU Cores, 48GB RAM, 1TB SSD, Space Black, International Keyboard","14.999,99"
eMAG,"Laptop Gaming HP OMEN 16-wf0116nq cu procesor Intel® Core™ i7-13700HX pana la 5.0 GHz, 16.1"", Full HD, IPS, 165Hz, 16GB, 1TB SSD, NVIDIA GeForce RTX 4070 8GB GDDR6, Free DOS, Shadow Black","7.399,99"
eMAG,"Laptop Lenovo IdeaPad Slim 5 16ARP10, 83HU002RBM, 16"", AMD Ryzen 5 7535HS (6-core), AMD Radeon 660M, 32GB 4800MHz (2x16GB) DDR5, Albastru","6.929,50"
eMAG,"Laptop ASUS TUF Gaming A15 FA506NCG-HN272, AMD Ryzen 7 7445HS, 15.6 inch, RAM 16GB, SSD 512GB, nVidia GeForce RTX 3050 4GB, No OS, Graphite Black","3.899,99"
eMAG,"Laptop ASUS Vivobook 15 X1504VA cu procesor Intel® Core™ 5 120U pana la 5.0GHz, 15.6'', Full HD, IPS, 16GB DDR4 RAM, 512GB SSD, Intel® Graphics, No OS, Quiet Blue","2.599,08"
eMAG,"Laptop Lenovo Yoga 7 2-in-1 16AGP11 cu procesor AMD Ryzen™ AI 7 445 pana la 4.6GHz, 16"" 2.8K WQXGA+, OLED, Touch, 32GB LPDDR5x RAM, 1TB SSD, AMD Radeon™ 840M Graphics, Windows 11 Pro, Seashell, 3y on-site Premium Care","6.999,99"
eMAG,"Laptop Gaming ASUS TUF F16 FX607VU cu procesor Intel® Core™ 5 210H pana la 4.8GHz, 16'', Full HD+, WUXGA, 144Hz, 16GB DDR5 RAM, 512GB SSD, NVIDIA® GeForce RTX™ 4050 6GB GDDR6, No OS, Mecha Gray","4.499,99"
eMAG,"Laptop Lenovo IdeaPad Slim 5 14IRH10 cu procesor Intel® Core™ i5-13420H pana la 4.6GHz, 14"" WUXGA, IPS, 32GB DDR5 RAM, 1TB SSD, Intel® UHD Graphics, No OS, Luna Grey","3.349,99"
eMAG,"Apple MacBook Air 15'' cu procesor Apple M5, 10 nuclee CPU, 10 nuclee GPU, 24GB RAM, 1TB SSD, Starlight, Tastatura Internationala, Manual RO","9.799,99"
eMAG,"Laptop ASUS Zenbook 14 UM3406GA cu procesor AMD Ryzen™ AI 7 445 pana la 4.6GHz, 14'', WUXGA, OLED, 32GB DDR5 RAM, 1TB SSD, AMD Radeon™ Graphics, Windows 11 Home, Jade Black","7.299,99"
eMAG,"Laptop Gaming HP OMEN MAX 16-ak0004nn cu procesor AMD Ryzen™ AI 9 HX 375 pana la 5.1GHz, 16"", WQXGA, IPS, 32GB DDR5 RAM, 1TB SSD, NVIDIA® GeForce RTX™ 5070Ti 12GB GDDR7, Free DOS, Shadow black","11.499,99"
eMAG,"Laptop HP 255 G9 cu procesor AMD Ryzen™ 5 5625U pana la 4.3 GHz, 15.6"" Full HD, 8GB, 512GB SSD, AMD Radeon™ Graphics, FreeDOS, Dark Ash Silver","2.135,29"
eMAG,"Laptop Gaming Lenovo Legion Pro 7 16AFR10H cu procesor AMD Ryzen™ 9 9955HX3D pana la 5.4GHz, 16"" WQXGA, OLED, 240Hz, 64GB DDR5 RAM, 1TB SSD, NVIDIA® GeForce RTX™ 5080 16GB GDDR7, No OS, Eclipse Black","16.572,90"
eMAG,"Laptop Gaming MSI Cyborg 15 A13VF cu procesor Intel® Core™ i7-13620H pana la 4.9GHz, 15.6'', IPS, 144Hz, 16GB DDR5 RAM, 1TB SSD, NVIDIA® GeForce RTX™ 4060 8GB GDDR6, No OS, Translucent Black","5.414,02"
eMAG,"Laptop Gaming Acer Predator Helios 18 AI PH18-73-95NN cu procesor Intel® Core™ Ultra 9 275HX pana la 5.4GHz, 18"" WQXGA, 250Hz, IPS, 192GB DDR5 RAM, 6TB SSD, NVIDIA® GeForce RTX™ 5080 16GB GDDR7, Windows 11 Home, Abyssal Black","23.999,99"
eMAG,"Laptop Gaming HP OMEN 17-db0006nq cu procesor AMD Ryzen™ 5 8645HS până la 5GHz, 17.3'' Full HD, IPS, 144Hz, 16GB DDR5 RAM, 1TB SSD, NVIDIA® GeForce RTX™ 4050 6GB GDDR6, Free DOS, Black","5.499,99"
eMAG,"Laptop Gaming Lenovo Legion Pro 5 16IAX10H cu procesor Intel® Core™ Ultra 9 275HX pana la 5.4GHz, 16"" WQXGA, OLED, 240Hz, 32GB DDR5 RAM, 1TB SSD, NVIDIA® GeForce RTX™ 5070 Ti 12GB GDDR7, No OS, Eclipse Black, 3y on-site Premium Care","12.699,99"
eMAG,"Laptop Lenovo Yoga Slim 7 14ILL10 cu procesor Intel Core™ Ultra 7 256V pana la 4.8GHz, 14"" WUXGA, OLED, 16GB LPDDR5x RAM, 1TB SSD, Intel Arc Graphics 140V, Windows 11 Pro, Luna Grey, 3y on-site Premium Care","6.042,99"
eMAG,"Laptop ASUS VivoBook 15 M1502YA-BQ644MXM, AMD Ryzen 7 5825U, 15.6 inch, RAM 24GB DDR4, SSD 1TB, AMD Radeon Graphics, No OS, Quiet Blue","2.897,95"
eMAG,"Laptop Lenovo ThinkBook 16 G8 IRL cu procesor Intel® Core™ 7 240H pana la 5.2GHz, 16"" WUXGA, IPS, 16GB DDR5 RAM, 512GB SSD, Intel® Graphics, Windows® 11 Pro, Arctic Grey, 3y on-site Premium Care","4.899,99"
eMAG,"Laptop 2 in 1 Lenovo ThinkPad L13 Yoga Gen 3 (Intel), 13.3"" WUXGA 1920x1200 IPS Touch Screen 300nits, Intel Core i5-1235U 10-core, 16 GB DDR4, 256 GB SSD m2 PCIe, Intel Iris Xe Graphics, Windows 11 Pro, Aluminium Case 1.32 kg Thunder Black","3.999,00"
eMAG,"Laptop Gaming MSI Vector A18 HX A9WIG cu procesor AMD Ryzen™ 9 9955HX pana la 5.4GHz, 18'', QHD+, IPS, 240Hz, 32GB DDR5 RAM, 2TB SSD, NVIDIA® GeForce RTX™ 5080 16GB GDDR7, Windows 11 Home, Gray-Black-Cosmos","16.899,99"
eMAG,"Laptop Apple MacBook Air 15"" cu procesor Apple M5, 10 nuclee CPU, 10 nuclee GPU, 16 nuclee Neural Engine, 24GB RAM, 512GB SSD, Silver, Tastatura Internationala","8.499,99"
eMAG,"Laptop Lenovo IdeaPad Slim 5 14AHP10, 83HV002NBM, 14"", AMD Ryzen 7 8845HS (8-core), AMD Radeon 780M, 32GB 5600MHz (2x16GB) DDR5, Gri","5.915,00"
eMAG,"Laptop Lenovo 100w Gen 5 (Intel), 11.6"" HD IPS, Intel N150 4-core, 8GB DDR5, 128 GB SSD m2 PCIe, Intel Graphics, Windows 11 Pro, 1.23kg Slate Grey","1.849,00"
eMAG,"Laptop, Lenovo ThinkBook 16, Intel Core i3-1315U, 8 GB RAM, SSD 256 GB, Gri, 16 inch","2.599,00"
eMAG,"Laptop Asus Zenbook 14, 14"" 16GB RAM 512GB SSD, Intel Core Ultra 7 255H, Ecran Tactil Oled, Jasper Gray","5.268,99"
eMAG,"Laptop Lenovo ThinkPad T16 Gen 4 cu procesor Intel Core™ Ultra 7 255U pana la 5.2GHz, 16"" WUXGA, IPS, 32GB DDR5 RAM, 512GB SSD, Intel® Graphics, Windows® 11 Pro, Black, 3Y Courier","10.499,99"
eMAG,"Laptop Apple MacBook Pro 14"" cu procesor Apple M5 Pro, 18 nuclee CPU, 20 nuclee GPU, 16 nuclee Neural Engine, 24GB RAM, 1TB SSD, Silver, Tastatura Internationala","13.699,99"
eMAG,"Laptop ASUS Vivobook S14 M5406KA cu procesor AMD Ryzen AI 7 350 pana la 5.0GHz, 14'', 3K, OLED, 120Hz, 24GB LPDDR5X RAM, 1TB SSD, AMD Radeon Graphics, No OS, Neutral Black","5.163,99"
eMAG,"Laptop Lenovo V15 G5 IRL, Intel Core i3-1315U, 15.6 inch, RAM 24GB, SSD 512GB, Intel UHD Graphics, No OS, Business Black","2.249,00"
eMAG,"Laptop Apple MacBook Air 13"" cu procesor Apple M4, 10 nuclee CPU si 10 nuclee GPU, 16GB RAM, 512GB, Starlight, Tastatura US, Manual RO","5.399,99"
eMAG,"Laptop Apple MacBook Pro 14"" cu procesor Apple M4 Max, 14 nuclee CPU si 32 nuclee GPU, 36GB RAM, 1TB SSD, Space Black, Tastatura Internationala, Manual RO","15.599,99"
eMAG,"Laptop HP 250 G10 cu procesor Intel® Core™ i5-1334U pana la 4.6GHz, 15.6'', Full HD, IPS, 8GB DDR4, 512GB SSD, Intel® UHD Graphics, Free DOS, Silver","2.269,90"
eMAG,"Laptop Lenovo 17.3"", Intel Core i5-13420H, 16 GB RAM, 512 GB SSD, Gri","6.142,00"
eMAG,"Laptop ASUS TUF Gaming A17 FA707NUG, AMD Ryzen 7, 32GB, SSD 1TB + 1TB, NVIDIA GeForce RTX 4050, 17.3 inch, Mecha Grey","6.697,35"
eMAG,LENOVO Yoga Slim 9 Intel Core Ultra 7 258V 14 инча WQUX OLED 400N 120Hz Touch 32GB DDR5 1TB PCIe W11Pro Tidal Teal,"11.778,92"
eMAG,"Laptop Lenovo IdeaPad 3 17ALC6, 17.3"" HD+, AMD Ryzen 7 5700U 8-core, 8GB DDR4, 256GB SSD m2 PCIe, AMD Radeon Graphics, Windows 10 Home, 2.1 kg Arctic Grey","5.808,00"
eMAG,"Laptop Gaming Lenovo LOQ 15IRX10 cu procesor Intel Core™ i7-13645HX pana la 4.9GHz, 15.6"" Full HD, IPS, 144Hz, 16GB DDR5 RAM, 512GB SSD, NVIDIA GeForce RTX™ 5050 8GB GDDR7, No OS, Luna Grey, 3Y Courier","5.799,99"
eMAG,"Laptop Gaming Lenovo LOQ Essential 15ARP10E cu procesor AMD Ryzen™ 7 170 pana la 4.75GHz, 15.6"" Full HD, IPS, 144Hz, 16GB DDR5 RAM, 1TB SSD, NVIDIA GeForce RTX™ 3050 6GB GDDR6, No OS, Luna Grey, 3Y Courier","3.999,99"
eMAG,"Laptop Lenovo IdeaPad Slim 5 14IRH10 cu procesor Intel® Core™ i5-13420H pana la 4.6GHz, 14"" WUXGA, IPS, 16GB DDR5 RAM, 512GB SSD, Intel® UHD Graphics, No OS, Cosmic Blue","de la 2.849,99"
eMAG,"Apple MacBook Air 15'' cu procesor Apple M5, 10 nuclee CPU, 10 nuclee GPU, 16GB RAM, 512GB SSD, Starlight, Tastatura Internationala, Manual RO","7.299,99"
eMAG,"Laptop Gaming Lenovo LOQ 15IRX9 cu procesor Intel® Core i7-13650HX pana la 4.9GHz, 15.6"" Full HD, IPS, 144Hz, 16GB DDR5 RAM, 512GB SSD, NVIDIA® GeForce RTX™ 3050 6GB GDDR6, No OS, Luna Grey","5.587,28"
eMAG,"Laptop Lenovo IdeaPad Slim 3 14AHP10 cu procesor AMD Ryzen™ 7 8840HS pana la 5.1GHz, 14"" WUXGA, OLED, 16GB DDR5 RAM, 1TB SSD, AMD Radeon™ 780M Graphics, No OS, Luna Grey","3.928,35"
eMAG,"Pachet promo: Laptop HP 17-CN4153CL, Intel Core 5 120U, 32GB RAM, 1TB SSD, 17 ""3"" HD+ Touch, Windows 11 Home + Geanta pentru notebook Esperanza ET103 CLASSIC+ (17"")","4.152,43"
eMAG,"Laptop MSI Cyborg 15 B2RWFKG, 9S7-15Q342-433, 15.6"", Intel Core 7 240H (10-core), NVIDIA GeForce RTX 5060 (8GB GDDR7), 16GB 4800MHz (2x8GB) DDR5, Negru","7.244,22"
eMAG,"Laptop MSI Cyborg 15 B2RWEKG, 9S7-15Q342-435, 15.6"", Intel Core 5 210H (8-nuclee), NVIDIA GeForce RTX 5050 (8GB GDDR7), 16GB 4800MHz (2x8GB) DDR5, Negru","6.093,93"
eMAG,"Laptop Lenovo ThinkBook 16 G9 IRL Procesor Intel® Core™ 7 240H 24M Cache, up to 5.20 GHz, 16"" WUXGA, 16GB DDR5, 512GB SSD, Intel Graphics, Gri","4.499,00"
eMAG,Laptop ASUS TUF Gaming A16 FA608UM-R7165W Ryzen 7 260 16inch 2.5k 165Hz 16GB 512GB Windows 11 Home RTX5060 Negru,"5.827,33"
eMAG,"Laptop Gaming Lenovo LOQ 15IRX9 cu procesoare Intel® Core i7-13650HX pana la 4.9GHz, 15.6"" Full HD, IPS, 144Hz, 16GB DDR5 RAM, 1TB SSD, NVIDIA® GeForce RTX™ 4050 6GB GDDR6, No OS, Luna Grey","5.273,99"
eMAG,"Laptop ASUS ExpertBook B1, Intel Core i3-1315U, 15.6 inch, RAM 16GB, SSD 512GB, Intel UHD Graphics, No OS, Gentle Grey","2.299,00"
eMAG,"Laptop Lenovo IdeaPad Slim 5 15IRH9R cu procesor Intel® Core™ 5 210H pana la 4.8GHz, 15.3"" WUXGA, IPS, 16GB LPDDR5x RAM, 1TB SSD, Intel® Graphics, No OS, Purple","3.299,99"
eMAG,"Laptop Lenovo ThinkPad X1 Carbon Gen 13 Aura Edition cu procesor Intel® Core™ Ultra 7 265U pana la 5.30GHz, 14'' 2.8K OLED, 120Hz, Touch, 64GB LPDDR5X RAM, 1TB SSD, Intel Graphics, Win 11 Pro, Black, 3y on-site Premium Care","16.999,99"
eMAG,"Laptop HP 15-fd0111nq cu procesor Intel® Core™ 5 120U pana la 5.0 GHz 15.6"" Full HD, 16GB DDR5, 512 GB SSD, Intel® Graphics, Windows 11 Home, Silver","2.999,99"
eMAG,"Laptop Gaming Acer Nitro V 15 ANV15-52-59X7 cu procesor Intel® Core™ 5 210H pana la 4.80 GHz, 15.6"", Full HD IPS, 165Hz, 16 GB DDR5, 512 SSD, NVIDIA® GeForce RTX™ 3050, No OS, Black","3.999,99"
eMAG,"Laptop Apple MacBook Pro 16"" cu procesor Apple M5 Pro, 18 nuclee CPU, 20 nuclee GPU, 16 nuclee Neural Engine, 24GB RAM, 2TB SSD, Space Black, Tastatura Internationala","17.999,99"
eMAG,"Laptop Gaming Predator Helios Neo 16 AI PHN16-73-72GJ cu procesor Intel® Core™ Ultra 7 255HX pana la 5.2GHz, 16'' WQXGA, 180Hz, IPS, 16GB DDR5 RAM, 1TB SSD, NVIDIA® GeForce RTX 5060 8GB GDDR7, No OS, Abyssal Black","8.499,99"
eMAG,"Laptop Gaming Acer Predator Helios 18 AI PH18-73-95ZQ cu procesor Intel® Core™ Ultra 9 275HX pana la 5.4GHz, 18'', WQXGA, 250Hz, IPS, 64GB DDR5 RAM, 2TB SSD, NVIDIA® GeForce RTX™ 5080 16GB GDDR7, No OS, Abyssal Black","17.999,99"
eMAG,"Laptop Lenovo V15 G4 ABP cu procesor AMD Ryzen™ 7 7730U pana la 4.5GHz, 15.6"" Full HD, IPS, 16GB DDR4, 512GB SSD, Video Integrated AMD Radeon™ Graphic, Windows® 11 Pro, Business Black","3.499,99"
eMAG,"Laptop Lenovo V15 G5 cu procesor Intel® Core™ i7-13620H pana la 4.90 GHz, 15.6"" Full HD, 16GB DDR5 RAM, 512GB SSD, Intel® UHD Graphics, Windows® 11 Pro, Business Black, 3y on-site Premium Care","4.139,99"
eMAG,"Laptop MacBook Pro 14″ cu procesor Apple M5 cu 10 nuclee CPU si 10 nuclee GPU, 32GB RAM , 1TB SSD, Silver, Tastatura Internationala","11.999,99"
eMAG,"Laptop Gaming ASUS ROG Strix G18 G814PM cu procesor AMD Ryzen™ 9 8940HX pana la 5.3GHz, 18'', Full HD+, WUXGA, 144Hz, IPS, 32GB DDR5 RAM, 1TB SSD, NVIDIA® GeForce RTX™ 5060 8GB GDDR7, No OS, Eclipse Gray","16.999,29"
eMAG,"Laptop Acer Aspire Go 15 AG15-71P Procesor Intel® Core™ i5-13420H 12M Cache, up to 4.60 GHz 15.6"" FHD, 16GB, 512GB SSD, Intel Iris Xe Graphics, Argintiu","2.465,57"
eMAG,"Laptop Apple MacBook Air 15"" cu procesor Apple M5, 10 nuclee CPU, 10 nuclee GPU, 16 nuclee Neural Engine, 32GB RAM, 512GB SSD, Midnight, Tastatura Internationala","9.699,99"
eMAG,"Laptop MacBook Pro 14″ cu procesor Apple M5 cu 10 nuclee CPU si 10 nuclee GPU, 24GB RAM , 512GB SSD, Space Black, Tastatura Internationala","10.499,99"
eMAG,"Laptop Lenovo V15 G4 AMN cu procesor AMD Ryzen™ 3 7320U pana la 4.1 GHz, 15.6"", Full HD, 16 GB RAM DDR5, 1 TB SSD, AMD Radeon™ 610M Graphics, Windows 11 Pro, Business Black","4.114,00"
eMAG,"Apple MacBook Air 15'' cu procesor Apple M5, 10 nuclee CPU, 10 nuclee GPU, 24GB RAM, 1TB SSD, Midnight, Tastatura Internationala, Manual RO","9.799,99"
eMAG,"Microsoft Surface Pro 12'', Snapdragon X Plus, 16GB, 256GB RAM","4.868,74"
eMAG,"Laptop Lenovo IdeaPad 5 2-in-1 14IAL10 cu procesor Intel® Core™ Ultra 7 255U pana la 5.2GHz, 14"" WUXGA, IPS, Touch, 16GB LPDDR5x RAM, 512GB SSD, Intel® Graphics, No OS, Luna Grey","4.499,99"
eMAG,"Laptop Dell Vostro 3530 cu procesor Intel® Core™ i7-1355U pana la 5.0 GHz, 15.6"", Full HD, 120Hz, 16GB DDR4 RAM, 512GB SSD, Intel® Iris® Xe Graphics, Windows 11 Pro, Carbon Black, 3y ProSupport and Next Business Day Onsite Service","3.999,05"
eMAG,"Apple MacBook Pro 14.2"" cu procesor Apple M5 Pro, 15 nuclee CPU, 16 nuclee GPU, 48GB RAM, 1TB SSD, Silver, Tastatura internationala","15.499,99"
eMAG,"Laptop HP ProBook 465 16 G11 cu procesor AMD Ryzen™ 5 7535U pana la 4.5GHz, 16"", WUXGA, IPS, 16GB DDR5 RAM, 512GB SSD, AMD Radeon™ 660M Graphics, Windows 11 Pro, Pike silver","4.209,99"
eMAG,"Laptop Gaming Lenovo LOQ 15ARP10E cu procesor AMD Ryzen™ 7 7735HS pana la 4.75GHz, 15.6"" Full HD, IPS, 144Hz, 16GB DDR5 RAM, 512GB SSD, NVIDIA® GeForce RTX™ 4050 6GB GDDR6, No OS, Luna Grey","5.203,00"
eMAG,"Laptop Acer Gaming 15.6'' Nitro V 15 ANV15-52, FHD IPS 165Hz, Procesor Intel® Core™ i9-13900H (24M Cache, up to 5.40 GHz), 32GB DDR4, 1TB SSD, GeForce RTX 5050 8GB, No OS, Obsidian Black","6.262,99"
eMAG,"Apple MacBook Air Retina 13.6"" cu procesor Apple M5, 10 nuclee CPU, 10 nuclee GPU, 32GB RAM, 1TB SSD, Midnight, Tastatura internationala","9.999,99"
eMAG,"Set Laptop Asus Vivobook 14, Asus, Vivobook 14, Intel Core I3 1315U, 8Gb Ram, 512Gb Ssd, Windows 11 Home, 32, 49 Cm X 21, 39 Cm X 1, 79 Cm, Quiet Blue","2.270,99"
eMAG,"Laptop Gaming Lenovo LOQ 15IRX9 cu procesoare Intel® Core i7-13650HX pana la 4.9GHz, 15.6"" Full HD, IPS, 144Hz, 16GB DDR5 RAM, 512GB SSD, NVIDIA® GeForce RTX™ 4050 6GB GDDR6, No OS, Luna Grey","6.999,85"
eMAG,"Laptop Gaming Lenovo LOQ 17IRX10 cu procesor Intel Core™ i7-13650HX pana la 4.9GHz, 17.3"" Full HD, IPS, 165Hz, 16GB DDR5 RAM, 1TB SSD, NVIDIA GeForce RTX™ 5050 8GB GDDR7, No OS, Luna Grey, 3Y Courier","6.299,99"
eMAG,"Laptop Gaming ASUS TUF A17 cu procesor AMD Ryzen™ 7 7445HS pana la 4.70 GHz, 17.3'', Full HD, 144Hz, IPS, 16GB DDR5 RAM, 1TB SSD, NVIDIA® GeForce RTX™ 4050 6GB GDDR6, No OS, Mecha Gray","5.299,99"
eMAG,"Laptop Apple MacBook Air 13"", cu procesor Apple M4, 10 nuclee CPU si 10 nuclee GPU, 16GB RAM, 512GB, Silver, Tastatura Internationala, Manual RO","5.499,99"
eMAG,"Laptop Lenovo IdeaPad Slim 3 15ARP10 cu procesor AMD Ryzen™ 5 7535HS pana la 4.55GHz, 15.3"" WUXGA, IPS, 24GB DDR5 RAM, 512GB SSD, AMD Radeon™ 660M Graphics, No OS, Cosmic Blue, Aluminiu","2.970,84"
eMAG,"Laptop Lenovo IdeaPad 5 2-in-1 14IAL10 cu procesor Intel® Core™ Ultra 7 255U pana la 5.2GHz, 14'', WUXGA, IPS, Touch, 16GB LPDDR5x RAM, 512GB SSD, Intel® Graphics, No OS, Cosmic Blue","4.399,99"
eMAG,"Laptop Gaming Acer Nitro V 15 ANV15-52-54CB cu procesor Intel® Core™ i5-13420H pana la 4.7GHz, 15.6"" Full HD, IPS, 165Hz, 16GB DDR4 RAM, 1TB SSD. NVIDIA® GeForce RTX™ 5050 8GB GDDR7, No OS, Obsidian Black","4.899,99"
eMAG,"Apple MacBook Pro 14'' cu procesor Apple M5 Pro, 15 nuclee CPU, 16 nuclee GPU, 24GB RAM, 1TB SSD, Silver, Tastatura Internationala, Manual RO","12.299,99"
eMAG,"Laptop Apple MacBook Pro 14"" cu procesor Apple M4 Pro, 12 nuclee CPU si 16 nuclee GPU, 24GB RAM, 512GB SSD, Space Black, INT KB","19.144,23"
eMAG,"Laptop Gaming Acer Nitro V 15 ANV15-52-7186 cu procesor Intel® Core™ i7-13620H pana la 4.9GHz, 15.6"" Full HD, IPS, 165Hz, 16GB DDR4 RAM, 1TB SSD, NVIDIA® GeForce RTX™ 5060 8GB GDDR7, No OS, Obsidian Black","5.699,99"
eMAG,"Apple MacBook Air 13'' cu procesor Apple M5, 10 nuclee CPU, 10 nuclee GPU, 24GB RAM, 1TB SSD, Silver, Tastatura Internationala, Manual RO","8.639,99"
eMAG,"Laptop ASUS Vivobook S 15 OLED S5507QA cu Qualcomm® Snapdragon X Elite X1E-78-100 pana la 3.4GHz, 15.6'', 3K, OLED, 32GB LPDDR5X, 1TB SSD, Qualcomm® Adreno™ GPU, Windows 11 Pro, Cool Silver","5.405,20"
eMAG,"Laptop Lenovo V15 G5 IRL cu Intel Core i7-13620H (1.8/4.9GHz, 24M), 16 GB, 512GB M.2 NVMe SSD, Intel UHD Graphics, Free DOS, Negru","4.667,57"
eMAG,"Laptop Lenovo Legion Pro 5 16AFR10, 83F20044BM, AMD Ryzen 9 9955HX (16-core), NVIDIA GeForce RTX 5070 (8GB GDDR7), 32GB 5600MHz (2x16GB) DDR5, Negru","14.416,92"
eMAG,"Laptop Lenovo Yoga 7 2-in-1 14AGP11, 83TD001NBM, 14"", AMD Ryzen AI 7 445 (6-core), AMD Radeon 840M, 24GB 8000MHz LPDDR5x, Albastru","7.658,32"
eMAG,"Laptop Lenovo Legion 5 15IRX10, 83LY00RVBM, 15.3"", Intel Core i7-13650HX (14-core), NVIDIA GeForce RTX 5060 (8GB GDDR7), 32GB 4800MHz (2x16GB) DDR5, Negru","9.345,42"
eMAG,"Laptop Lenovo IdeaPad Slim 3 15IRH10 cu procesor Intel® Core™ i5-13420H pana la 4.6GHz, 15.3"" WUXGA, 16GB DDR5 RAM, 1TB SSD, Intel® UHD Graphics, No OS, METAL, Cosmic Blue","2.699,99"
eMAG,"Laptop Apple MacBook Pro 14"" cu procesor Apple M5, 10 nuclee CPU si 10 nuclee GPU, 16GB RAM, 512GB SSD, Space Black, Tastatura Internationala, Manual RO","8.799,99"
eMAG,"Laptop Lenovo V15 G4 AMN cu procesor AMD Ryzen™ 5 7520U pana la 4.3GHz, 15.6"" Full HD, 16GB LPDDR5 RAM, 512GB SSD, AMD Radeon™ 610M Graphics, Windows® 11 Pro, Business Black","2.899,99"
eMAG,"Laptop Asus Vivobook 15 X1504VA-BQ4652W, X1504VA-BQ4652W, 15.6"", Intel Core 7 150U (10-core), Intel UHD Graphics, 16GB (8GB onboard + 8GB) DDR5, Argintiu","4.795,38"
eMAG,"Laptop Lenovo ThinkBook 14 G8 IAL cu procesor Intel® Core Ultra 5 225U pana la 4.80 GHz, 14"" WUXGA IPS, 16GB RAM, 512GB SSD, Intel® Graphics, No OS","3.099,99"
eMAG,"Laptop Gaming Acer Nitro V15 ANV15-52-95UT cu procesor Intel® Core™ i9-13900H pana la 5.40 GHz, 15.6"" FullHD, IPS, 165Hz, 16GB DDR4 RAM, 512GB SSD, NVIDIA® GeForce RTX™ 5060 8GB GDDR7, No OS, Obsidian Black","5.799,99"
eMAG,"Laptop ASUS Zenbook Duo UX8406CA cu procesor Intel® Core™ Ultra 7 255H pana la 5.1GHz, 14'', Full HD, OLED, Touch, 32GB LPDDR5X RAM, 1TB SSD, Intel® Arc™ Graphics, Windows 11 Pro, Inkwell Gray, 3Y PUR","9.099,99"
eMAG,"Apple MacBook Air 13'' cu procesor Apple M5, 10 nuclee CPU, 8 nuclee GPU, 16GB RAM, 512GB SSD, Starlight, Tastatura Internationala, Manual RO","5.999,99"
eMAG,"Apple MacBook Pro 14'' cu procesor Apple M5, 10 nuclee CPU, 10 nuclee GPU, 32GB RAM, 1TB SSD, Silver, Tastatura Internationala, Manual RO","11.199,99"
eMAG,"Laptop Lenovo IdeaPad Slim 3 16IRH10 cu procesor Intel® Core™ i7-13620H pana la 4.9GHz, 16"" WUXGA, IPS, 16GB DDR5 RAM, 512GB SSD, Intel® UHD Graphics, No OS, Cosmic Blue, Aluminiu","3.249,99"
eMAG,"Laptop ASUS Zenbook 14 AX3405CA cu procesor Intel® Core™ Ultra 5 225H pana la 4.9GHz, 14'', 3K, OLED, 120Hz, 16GB LPDDR5X RAM, 1TB SSD, Intel® Arc™ Graphics, Windows 11 Home, Ponder Blue","5.099,99"
eMAG,"Laptop ASUS Vivobook 15 A1502VA cu procesor Intel® Core™ i5-13420H pana la 4.6GHz, 15.6'', Full HD, IPS, 16GB DDR4 RAM, 512GB SSD, Intel® UHD Graphics, Windows 11 Home, Quiet Blue","2.899,99"
eMAG,"Laptop Apple MacBook Pro 14"" cu procesor Apple M5 Max, 18 nuclee CPU, 40 nuclee GPU, 16 nuclee Neural Engine, 128GB RAM, 2TB SSD, Space Black, Tastatura Internationala","33.484,50"
eMAG,"Laptop Lenovo IdeaPad Slim 5 14IRH10 cu procesor Intel® Core™ i7-13620H pana la 4.9GHz, 14"" WUXGA, IPS, 32GB DDR5 RAM, 1TB SSD, Intel® UHD Graphics, No OS, Cosmic Blue","3.799,99"
eMAG,"Laptop ASUS V16 V3607VH cu procesor Intel® Core™ 7 240H pana la 5.2GHz, 16'', WUXGA, 144Hz, 16GB DDR5 RAM, 1TB SSD, NVIDIA® GeForce RTX™ 5050 8GB GDDR7, No OS, Matte Black","4.998,51"
eMAG,Laptop Microsoft Surface Pro Copilot+ PC 12 inch Qualcomm Snapdragon X Plus 16GB 256GB SSD Windows 11 Home Platinum,"4.989,99"
eMAG,"Apple MacBook Pro 14'' cu procesor Apple M5 Pro, 15 nuclee CPU, 16 nuclee GPU, 24GB RAM, 1TB SSD, Space Black, Tastatura Internationala, Manual RO","12.299,99"
eMAG,"Laptop HP 17-cn3003nq cu procesor Intel® Core™ i7-1355U pana la 5.0GHz, 17.3'', Full HD, IPS, 16GB DDR4 RAM, 512GB SSD, Intel® Iris® Xe, Free DOS, Black","3.899,99"
eMAG,"Laptop Apple MacBook Air 13"", cu procesor Apple M4, 10 nuclee CPU si 10 nuclee GPU, 24GB RAM, 512GB, Sky Blue, Tastatura Internationala, Manual RO","6.399,99"
eMAG,"Laptop MSI Katana 15 HX B14WGK, 9S7-1587C1-215, 15.6"", Intel Core i7-14650HX (16-core), NVIDIA GeForce RTX 5070 (8GB GDDR7), 16GB 5600MHz (2x8GB) DDR5, Negru","8.926,20"
eMAG,"Laptop Apple MacBook Pro 14"" cu procesor Apple M5, 10 nuclee CPU si 10 nuclee GPU, 24GB RAM, 1TB SSD, Silver, Tastatura Internationala, Manual RO","10.499,99"
eMAG,"Laptop Gaming Acer Nitro V15 ANV15-52-95UT cu procesor Intel® Core™ i7-13620H pana la 4.90GHz, 15.6"" FullHD, IPS, 165Hz, 16GB DDR5 RAM, 1TB SSD, NVIDIA® GeForce RTX™ 4050 6GB GDDR6, No OS, Obsidian Black","4.999,99"
eMAG,"Laptop Lenovo IdeaPad Slim 5 16IRH10 cu procesor Intel® Core™ i5-13420H pana la 4.6GHz, 16"" WUXGA, IPS, 16GB DDR5 RAM, 1TB SSD, Intel® UHD Graphics, No OS, Cosmic Blue","2.999,99"
eMAG,"Laptop ASUS Vivobook S14 S3407VA cu procesor Intel® Core™ i7-13620H pana la 4.9GHz, 14'', WUXGA, IPS, 16GB DDR5 RAM, 1TB SSD, Intel® UHD Graphics, No OS, Matte Gray","3.099,99"
eMAG,"Laptop Gaming Lenovo Legion 5 15AHP11 cu procesor AMD Ryzen™ 7 250 pana la 5.1GHz, 15.3"" WQXGA, OLED, 32GB DDR5 RAM, 1TB SSD, NVIDIA GeForce RTX™ 5060 8GB GDDR7, No OS, Eclipse Black, 3y on-site Premium Care","7.799,99"
eMAG,"Laptop MSI CYBORG 15 A13VEK-2293XBG, 9S7-15K111-2293, 15.6"", Intel Core i7-13620H (10-core), NVIDIA GeForce RTX 4050 (6GB GDDR6), 16GB 5200MHz (1x16GB) DDR5, Negru","6.017,24"
eMAG,"Laptop MSI CYBORG 15 B13WFKG-1008XBG, 9S7-15Q342-1008, 15.6"", Intel Core i7-13620H (10-core), NVIDIA GeForce RTX 5060 (8GB GDDR7), 16GB 5200MHz (1x16GB) DDR5, Negru","7.269,78"
eMAG,"Laptop ASUS Vivobook 18 M1807HA cu procesor AMD Ryzen™ 7 260 pana la 5.1GHz, 18'', WUXGA, IPS, 144Hz, 16GB DDR5 RAM, 1TB SSD, AMD Radeon™ 780M, Windows 11 Home, Quiet Blue","5.199,99"
eMAG,"Laptop ASUS Vivobook 15 A1502VA cu procesor Intel® Core™ i7-13620H pana la 4.9GHz, 15.6'', Full HD, IPS, 16GB DDR4 RAM, 512GB SSD, Intel® UHD Graphics, No OS, Quiet Blue","2.899,99"
eMAG,"Apple MacBook Air 13'' cu procesor Apple M5, 10 nuclee CPU, 10 nuclee GPU, 24GB RAM, 1TB SSD, Sky Blue, Tastatura Internationala, Manual RO","8.399,99"
eMAG,"Laptop HP 255 G10 cu procesor AMD Ryzen™ 7 7730U pana la 4.5GHz, 15.6'', IPS, Full HD, 16GB DDR4, 1TB SSD, AMD Radeon™ Graphics, Free DOS, Metallic silver","2.999,99"
eMAG,Laptop Acer Swift X 14 SFX14-72G Intel Core Ultra 7 155H 16GB LPDDR5X 1TB SSD nVidia GeForce RTX 4050 6GB Windows 11 Home Steel Gray,"7.677,59"
eMAG,"Laptop Lenovo IdeaPad Slim 3 15ARP10 cu procesor AMD Ryzen™ 5 7535HS pana la 4.55GHz, 15.3"" WUXGA, IPS, 24GB DDR5 RAM, 512GB SSD, AMD Radeon™ 660M Graphics, No OS, Luna Grey, Aluminiu","2.649,99"
eMAG,"Laptop MSI Venture 16 AI A1MG cu procesor Intel® Core™ Ultra 7 155H pana la 4.8GHz, 16'', OLED, 120Hz, 16GB DDR5 RAM, 512GB SSD, Intel® Arc™ graphics, No OS, Solid Gray","3.899,99"
eMAG,"Laptop Lenovo IdeaPad Slim 5 14IRH10 cu procesor Intel® Core™ i5-13420H pana la 4.6GHz, 14"" WUXGA, IPS, 32GB DDR5 RAM, 1TB SSD, Intel® UHD Graphics, No OS, Cosmic Blue","3.399,99"
eMAG,"Laptop Lenovo V15 G4 IRU cu procesor Intel® Core™ i5-13420H pana la 4.6 GHz, 15.6"", Full HD, IPS, 8GB DDR4 RAM, 512GB SSD, Intel® UHD Graphics, No OS, Business Black, 3y Carry-in","2.299,99"
eMAG,"Laptop Gaming Lenovo LOQ Essential 15IRX11 cu procesor Intel® Core i5-13450HX pana la 4.6GHz, 15.6"" FHD, IPS, 144Hz, 16GB DDR5, 512GB SSD, NVIDIA® GeForce RTX™ 5050 8GB GDDR7, NO OS, Luna Grey","4.649,99"
eMAG,"MacBook Air 15.3"" Retina/Apple M5 (CPU 10-core, GPU 10-core, NeuralEngine16-core)/32GB/512GB - Starlight - INT KB (No Adapter) - 2026 (CTO from MDVD4RO/A)","11.117,40"
eMAG,"Laptop Gaming Lenovo LOQ 15IRX9 cu procesor Intel® Core™ i7-13650HX pana la 4.9 GHz, 15.6"", Full HD, IPS, 16GB, 1TB SSD, NVIDIA® GeForce RTX™ 4050 6GB GDDR6, No OS, Luna Grey","5.099,99"
eMAG,"Laptop ASUS Vivobook 18 M1807HA cu procesor AMD Ryzen™ 7 260 pana la 5.1GHz, 18'', WUXGA, IPS, 144Hz, 16GB DDR5 RAM, 1TB SSD, AMD Radeon™ 780M, No OS, Quiet Blue","4.449,99"
eMAG,"Laptop Asus VivoBook 15 M1502YA-BQ160, 15.6 inch 1920 x 1080, AMD Ryzen 7 - 7730U 8 C / 16 T, 2.0 GHz - 4.5 GHz, 20 MB cache, 28 W, 16 GB DDR4, 512 GB SSD, AMD Radeon Graphics, Windows 11 Home, Tastatura English, Argintiu","4.235,00"
eMAG,"Laptop Gaming Lenovo LOQ 15IRX10 cu procesor Intel® Core i5-13450HX pana la 4.6GHz, 15.6"" FHD, IPS, 144Hz, 16GB DDR5, 1TB SSD, NVIDIA® GeForce RTX™ 5050 8GB GDDR7, NO OS, Luna Grey","5.199,99"
eMAG,"Laptop ASUS Vivobook 16 X1607QA cu procesor Snapdragon X X1 26 100 pana la 2.97GHz, 16'', WUXGA, IPS, 16GB LPDDR5X RAM, 1TB SSD, Qualcomm Adreno GPU, Windows 11 Home, Cool Silver","3.299,99"
eMAG,"Laptop Lenovo IdeaPad Slim 3 15IRH10 cu procesor Intel® Core™ i7-13620H pana la 4.9GHz, 15.3"" WUXGA, IPS, 16GB DDR5 RAM, 1TB SSD, Intel® UHD Graphics, No OS, METAL, Cosmic Blue","3.349,99"
eMAG,"Laptop Lenovo Yoga 7 2-in-1 14AKP10 cu procesor AMD Ryzen™ AI 5 340 pana la 4.8GHz, 14"" WUXGA, OLED, Touch, 16GB LPDDR5x RAM, 512GB SSD, AMD Radeon™ 840M Graphics, Windows® 11 Home, Seashell, 3y on-site Premium Care","5.492,99"
eMAG,"Laptop Gaming Lenovo LOQ 17IRX10 cu procesor Intel® Core™ i7-14700HX pana la 5.5GHz, 17.3"" Full HD, IPS, 165Hz, 32GB DDR5 RAM, 1TB SSD, NVIDIA® GeForce RTX™ 5070 8GB GDDR7, No OS, Luna Grey","8.499,99"
eMAG,"Laptop Lenovo IdeaPad Slim 3 15ARP10 cu procesor AMD Ryzen™ 5 7535HS pana la 4.55GHz, 15.3"" WUXGA, IPS, 16GB DDR5 RAM, 512GB SSD, AMD Radeon™ 660M Graphics, No OS, Cosmic Blue","2.449,99"
eMAG,"Laptop Lenovo IdeaPad Pro 5 16AKP10, 83JN002ABM, 16"", AMD Ryzen AI 7 350 (8-core), AMD Radeon 860M, 24GB 8000MHz LPDDR5x, Gri","7.377,14"
eMAG,"Laptop Lenovo IdeaPad 5 2-in-1 14IAL10, 83KR001FBM, 14"", Intel Core Ultra 7 255U (12-core), Intel UHD Graphics, 16GB 8000MHz LPDDR5x, Gri","6.814,78"
eMAG,"Laptop Lenovo IdeaPad Pro 5 16IAH10, 83JM000KBM, 16"", Intel Core Ultra 7 255H (16-core), Intel Arc 8 Core, 24 GB 8533 MHz: LPDDR5X, Argintiu","7.821,92"
eMAG,"Laptop Lenovo IdeaPad Slim 5 16IRH10 cu procesor Intel® Core™ i7-13620H pana la 4.9GHz, 16"" WUXGA, IPS, 16GB DDR5 RAM, 1TB SSD, Intel® UHD Graphics, No OS, Luna Grey","3.549,99"
eMAG,"Laptop Apple MacBook Neo 13, Procesor Apple A18 Pro 6-core CPU, 5-core GPU, 13"" Liquid Retina, 8GB, 256GB, layout US, Mac OS Indigo","3.693,91"
eMAG,"Laptop Lenovo Legion 5 15IRX10, 83LY00RQBM, 15.3"", Intel Core i7-13650HX (14-core), NVIDIA GeForce RTX 5050 (8GB GDDR7), 16GB 4800MHz (1x16GB) DDR5, Negru","7.658,32"
eMAG,"Laptop Gaming ASUS ROG Strix SCAR 16 G635LW cu procesor Intel® Core™ Ultra 9 275HX pana la 5.4GHz, 16"", 2.5K WQXGA, Mini LED, 240Hz, G-Sync, 32GB DDR5, 2TB SSD, NVIDIA® GeForce RTX™ 5080 16GB GDDR7, Windows 11 Pro, Off Black","18.999,99"
eMAG,"Laptop Lenovo IdeaPad Slim 3 15IRH10 cu procesor Intel® Core™ i5-13420H pana la 4.6GHz, 15.3"" WUXGA, IPS, 24GB DDR5 RAM, 1TB SSD, Intel® UHD Graphics, No OS, METAL, Luna Grey","2.949,99"
eMAG,"Laptop MSI Katana 17 HX B14WGK-223XBG, 9S7-17L791-223, 17.3"", Intel Core i9-14900HX (24-core), NVIDIA GeForce RTX 5070 (8GB GDDR7), 32GB 5600MHz (2x16GB) DDR5, Negru","11.098,97"
eMAG,"Laptop Lenovo IdeaPad Slim 5 13ARP10 cu procesor AMD Ryzen™ 7 7735HS pana la 4.75GHz, 13.3"" WUXGA, IPS, 16GB LPDDR5x RAM, 1TB SSD, AMD Radeon™ 680M Graphics, No OS, Cloud Grey","3.249,99"
eMAG,"Laptop Apple MacBook Air 13"", cu procesor Apple M4, 10 nuclee CPU si 8 nuclee GPU, 16GB RAM, 256GB, Silver, Tastatura Internationala, Manual RO","4.499,99"
eMAG,"Laptop HP 15-fd0015nq cu procesor Intel® Core™ i7-1355U pana la 5.0 GHz, 15.6"", Full HD, 16GB DDR4 RAM, 1TB SSD, Intel® Iris® Xe Graphics, Free DOS, Natural Silver","3.299,99"
eMAG,"Laptop Lenovo IdeaPad Slim 5 14AGP11, 83S10034BM, 14"", AMD Ryzen AI 7 445 (6-core), AMD Radeon 840M, 32GB 5600MHz (2x16GB) DDR5, Albastru","6.359,77"
eMAG,"Laptop Gaming ASUS ROG Zephyrus G16 GA605WV cu procesor AMD Ryzen™ AI 9 HX 370 pana la 5.1GHz, 16"", WQXGA, OLED, 240Hz, 32GB LPDDR5x, 1TB SSD, NVIDIA® GeForce RTX™ 4060 8GB GDDR6, No OS, PLATINUM WHITE","11.979,00"
eMAG,"Laptop Lenovo IdeaPad Slim 5 15ARP10 cu procesor AMD Ryzen™ 7 7735HS pana la 4.75GHz, 15.3"" WUXGA, IPS, 16GB LPDDR5x RAM, 512GB SSD, AMD Radeon™ 680M Graphics, No OS, Seafoam Green","2.899,99"
eMAG,"Laptop Acer Aspire Lite 15 AL15-32P-C49X cu procesor Intel® Celeron® N4500 pana la 2.8GHz, 15.6"", Full HD, IPS, 8GB DDR4, 256GB SSD, Intel® UHD Graphics, NO OS, Silver","1.399,99"
eMAG,"Laptop ASUS ROG Strix G615JHR, Intel Core i7-14650HX, 16 inch, RAM 32GB, SSD 512GB, nVidia GeForce RTX 5050 8GB, No OS, Eclipse Gray","7.499,00"
eMAG,"Laptop Lenovo V15 G5 cu procesor Intel® Core™ i7-13620H pana la 4.90 GHz, 15.6"" Full HD, IPS, 32GB DDR5 RAM, 1TB SSD, Intel® UHD, Graphics, Windows® 11 Pro, Business Black, 3y on-site Premium Care","4.899,99"
eMAG,"Laptop Gaming Lenovo Legion 7 16IAX10 cu procesor Intel® Core™ Ultra 7 255HX pana la 5.2GHz, 16"" WQXGA, OLED, 240Hz, 32GB DDR5 RAM, 1TB SSD, NVIDIA® GeForce RTX™ 5060 8GB GDDR7, No OS, Glacier White, 3y on-site Premium Care","9.699,99"
eMAG,"Laptop Lenovo ThinkPad P1 Gen 7 cu procesor Intel® Core™ Ultra 7 155H pana la 4.8GHz, 16"" WQXGA, IPS, 165Hz, 32GB LPDDR5x RAM, 1TB SSD, NVIDIA® GeForce RTX™ 4060 8GB GDDR6, Windows® 11 Pro, Black, 3y on-site Premium Care","14.169,10"
eMAG,"Laptop Lenovo Yoga Book 9 14IAH10 cu procesor Intel® Core™ Ultra 7 255H pana la 5.1GHz, 2x 14"" 2.8K WQXGA+, OLED, 120Hz, Touch, 32GB LPDDR5x RAM, 1TB SSD, Intel® Arc™ 140T, Windows® 11 Home, Tidal Teal, 3y on-site Premium Care","11.499,84"
eMAG,"Laptop Lenovo ThinkBook 16 G8 IAL, 21SK007YBM, 16"", Intel Core Ultra 7 255H (16-core), Intel Arc 140T GPU, 16GB 5600MHz (1x16GB) DDR5, Gri","5.684,94"
eMAG,"Laptop ASUS Vivobook 15 M1502YA cu procesor AMD Ryzen™ 5 7430U pana la 4.3 GHz, 15.6'', Full HD, IPS, 8GB DDR4, 512GB SSD, AMD Radeon™ Graphics, No OS, Quiet Blue","1.999,99"
eMAG,"Laptop Lenovo V15 G5 IRL cu procesor Intel Core™ i5-13420H pana la 4.6GHz, 15.6"" Full HD, 16GB DDR5 RAM, 512GB SSD, Intel® UHD Graphics, No OS, Business Black, 3Y Courier","2.499,99"
eMAG,"Laptop 14"" cu procesor Intel Celeron N4120, 8GB RAM, 256GB SSD, 1920*1080 FHD, Windows 11 Pro, Intel® UHD Graphics 600, 5GHz Wifi, 5000mAh, Argintiu","1.249,93"
eMAG,"Laptop Gaming Acer Predator Triton 14 AI PT14-52T-909D cu procesor Intel® Core™ Ultra 9 288V pana la 5.1GHz, 14.5"" 8K, OLED, 120Hz, Touch, 32GB LPDDR5X RAM, 2TB SSD, NVIDIA® GeForce RTX™ 5070 8GB GDDR7, No OS, Charcoal Black","16.406,67"
eMAG,"Laptop HP EliteBook 665 G11 cu procesor AMD Ryzen™ 5 7535U pana la 4.5GHz, 16"", WUXGA, IPS, 16GB DDR5 RAM, 512GB SSD, AMD Radeon™ 660M Graphics, Windows 11 Pro, Pike silver","5.921,18"
eMAG,"Laptop Lenovo IdeaPad Slim 3 15IRU8 cu procesor Intel® Core i3-1315U pana la 4.5GHz, 15.6"" Full HD, IPS, 8GB DDR5 RAM, 512GB SSD, Intel® UHD Graphics, No OS, Arctic Grey","1.849,99"
eMAG,Laptop ASUS Zenbook 14 UX3405CA 3K 14 inch Intel Core Ultra 9 285H 32GB 1TB SSD Windows 11 Pro Ponder Blue,"9.214,77"
eMAG,"Laptop Apple MacBook Pro 14"" cu procesor Apple M5 Pro, 15 nuclee CPU, 16 nuclee GPU, 16 nuclee Neural Engine, 48GB RAM, 1TB SSD, Space Black, Tastatura Internationala","14.999,99"
eMAG,"Laptop Apple MacBook Air 15"", cu procesor Apple M4, 10 nuclee CPU si 10 nuclee GPU, 16GB RAM, 512GB, Midnight, Tastatura Internationala, Manual RO","6.299,99"
eMAG,"Laptop Gaming Acer Nitro Lite 16 NL16-71G-751G cu procesor Intel® Core™ i7-13620H pana la 4.90 GHz, 16'', WUXGA, IPS, 165Hz, 16GB DDR5 RAM, 512GB SSD, NVIDIA® GeForce RTX™ 3050 6GB GDDR6, No OS, Shale Black","4.299,99"
eMAG,"Laptop ASUS Vivobook 15 A1502VA cu procesor Intel® Core™ i5-13420H pana la 4.6GHz, 15.6'', Full HD, IPS, 16GB DDR4 RAM, 512GB SSD, Intel® UHD Graphics, No OS, Quiet Blue","2.299,99"
eMAG,"Laptop Lenovo IdeaPad 1 15IJL7 cu procesor Intel® Pentium® Silver N6000 pana la 3.3GHz, 15.6"", Full HD, 4GB DDR4 RAM, 128GB eMMC, Intel® UHD Graphics, Windows® 11 Home in S mode, Cloud Grey","1.549,99"
eMAG,"Laptop ASUS Vivobook 15 M1502YA cu procesor AMD Ryzen™ 7 5825U pana la 4.5GHz, 15.6'', Full HD, IPS, 16GB DDR4 RAM, 512GB SSD, AMD Radeon™ Graphics, No OS, Quiet Blue","2.399,99"
eMAG,"Apple MacBook Neo 13"" Retina cu procesor Apple A18 Pro 6 nuclee CPU, 5 nuclee GPU, 16 nuclee NeuralEngine, 8GB RAM, 256GB SSD, Citrus, Tastatura Internationala, Manual RO","3.299,99"
eMAG,"Apple MacBook Air 13'' cu procesor Apple M5, 10 nuclee CPU, 8 nuclee GPU, 16GB RAM, 512GB SSD, Silver, Tastatura Internationala, Manual RO","5.999,99"
eMAG,Laptop ASUS ROG Strix G16 FHD+ 16 inch AMD Ryzen 9 8940HX 16GB 1TB SSD RTX 5070 Ti Free Dos Eclipse Gray,"11.999,99"
eMAG,"Laptop Lenovo V15 G5 IRL cu procesor Intel® Core i7-13620H pana la 4.9GHZ, 15.6"" Full HD, IPS, 32GB DDR5 RAM, 1TB SSD, Intel® UHD Graphics, No OS, Business Black","3.749,99"
eMAG,"Laptop Acer Aspire Lite 15 AL15-72P-71X1 cu procesor Intel® Core™ i7-13620H up to 4.90 GHz, 15.6'', Full HD, IPS, 16GB DDR5 RAM, 1TB SSD, Intel® UHD Graphics, No OS, Pure Silver","3.199,99"
eMAG,"Laptop Lenovo V15 G4 AMN cu procesor AMD Ryzen™ 5 7520U pana la 4.3GHz, 15.6"" Full HD, 16GB LPDDR5, 512GB SSD, AMD Radeon™ 610M Graphics, No OS, Business Black, 3y Courier or Carry-in","2.199,99"
eMAG,"Laptop Lenovo ThinkPad X9-14 Gen 1, Procesor Intel Core Ultra 7, 32GB RAM, 1TB SSD, Alb, 14""","12.990,01"
eMAG,"Laptop Apple MacBook Air 13"", cu procesor Apple M4, 10 nuclee CPU si 8 nuclee GPU, 16GB RAM, 256GB, Starlight, Tastatura Internationala, Manual RO","4.499,99"
eMAG,"Laptop Lenovo IdeaPad Slim 3 15ARP10 cu procesor AMD Ryzen™ 7 7735HS pana la 4.75GHz, 15.3"" WUXGA, IPS, 16GB DDR5 RAM, 1TB SSD, AMD Radeon™ 680M Graphics, No OS, Luna Grey","2.749,99"
eMAG,"Laptop ASUS Vivobook 15 A1502VA cu procesor Intel® Core™ i7-13620H pana la 4.9GHz, 15.6'', Full HD, IPS, 16GB DDR4 RAM, 1TB SSD, Intel® UHD Graphics, No OS, Quiet Blue","3.049,99"
eMAG,"Laptop Business Dell Pro 15 Essential cu procesor Intel® Core™ i5-1334U pana la 4.60 GHz, 15.6"", Full HD, 120Hz, 16GB RAM, 512GB SSD, Intel® UHD Graphics, Windows 11 Pro, FPR, Backlit, 3y ProSupport and Next Business Day Onsite","3.199,99"
eMAG,"Laptop Blackview Acebook 6, 16GB DDR4 512GB SSD, Intel N150 3.6GHz/ Intel UHD Graphics, Win11 Home, 38Wh, 15.6"" FHD+, HDMI 2.0, Bluetooth 5.0, USB 3.0, WLAN 5G, Gri","2.199,99"
eMAG,"Laptop Gaming Lenovo Legion 5 15IRX10 cu procesor Intel® Core™ i7-13650HX pana la 3.6GHz, 15.3'' WUXGA, 24GB RAM, 1TB SSD, NVIDIA® GeForce RTX™ 5060 8GB GDDR6, No OS, Eclipse Black, 3y on-site Premium Care","7.499,58"
eMAG,"Laptop Acer Aspire Lite 15 AL15-72P-595Y cu procesor Intel® Core™ i5-13420H pana la 4.60GHz, 15,6"" Full HD, IPS, 16GB DDR5 RAM, 512GB SSD, Intel® UHD Graphics, No OS, Pure Silver","2.499,99"
eMAG,"Laptop Gaming Lenovo Legion Pro 7 16IAX10H cu procesor Intel® Core™ Ultra 9 275HX pana la 5.4GHz, 16"" WQXGA, OLED, 240Hz, 64GB DDR5 RAM, 1TB SSD, NVIDIA® GeForce RTX™ 5090 24GB GDDR7, No OS, Eclipse Black, 3y on-site Premium Care","22.999,99"
eMAG,"Laptop Lenovo V15 G5 IRL cu procesor Intel® Core i3-1315U pana la 4.50 GHz, 15.6"" FHD, 8GB RAM, 512GB SSD, Intel® UHD Graphics, No OS","1.799,99"
eMAG,"Laptop 2in1 Dell Latitude 13 5350, Intel Core Ultra 7, 16GB RAM, 1TB SSD, FHD 13,3""","6.178,54"
eMAG,"Laptop Lenovo V15 G4 AMN cu procesor AMD Ryzen™ 3 7320U pana la 4.1 GHz, 15.6"", Full HD, 16GB, 512GB SSD, AMD Radeon™ 610M Graphics, No OS, Business Black","1.949,99"
eMAG,"Laptop Lenovo IdeaPad Slim 5 16AHP10 cu procesor AMD Ryzen™ 7 8845HS pana la 5.1GHz, 16"" WUXGA, IPS, 16GB DDR5 RAM, 1TB SSD, AMD Radeon™ 780M Graphics, No OS, Luna Grey","3.699,99"
eMAG,"Laptop MSI Cyborg 15 A13UCK, 9S7-15K111-2295, 15.6"", Intel Core i7-13620H (10-core), NVIDIA GeForce RTX 3050 (4GB GDDR6), 16GB 5600MHz (1x16GB) DDR5","5.260,61"
eMAG,"Laptop Auusda, Procesor AMD 3050E(pana la 2.8 GHz), 8GB RAM, SSD 512GB, Ecran IPS 15.6"" FHD, Tastatura Iluminata, HDMI 2.0, Bluetooth, USB 3.0, Windows 11 Pro, Roz","1.765,39"
eMAG,"Laptop Lenovo V15 G5 IRL cu procesor Intel® Core i5-13420H pana la 4.60 GHz, 15.6"" FHD, 32GB RAM, 1TB SSD, Intel® UHD Graphics, No OS","3.049,00"
eMAG,"Laptop HP OmniBook X Flip Next Gen AI 16-as0022nn cu procesor Intel® Core™ Ultra 7 256V pana la 4.8GHz, 16"", 2K, IPS, 16GB LPDDR5x RAM, 2TB SSD, Intel® Arc™ Graphics, Windows 11 Home, Silver","6.999,99"
eMAG,"Laptop Gaming ASUS TUF A16 cu procesor AMD Ryzen™ 7 7445HS pana la 4.70 GHz, 16'', Full HD+, WUXGA, 144Hz, IPS, 16GB DDR5 RAM, 512GB SSD, NVIDIA® GeForce RTX™ 4050 6GB GDDR6, No OS, Mecha Gray","4.899,99"
eMAG,"Laptop Lenovo Legion Pro 7 16IAX10H, 83F50047BM, 16"", Intel Core Ultra 9 275HX (24-core), NVIDIA GeForce RTX 5090 (24 GB GDDR7), 64GB 6400 MHz (2x32GB) DDR5, Negru","23.148,90"
eMAG,"Laptop ASUS Vivobook 18 M1807GA cu procesor AMD Ryzen™ AI 7 445 pana la 4.6GHz, 18"" WUXGA, IPS, 144Hz, 32GB DDR5 RAM, 1TB SSD, AMD Radeon™ Graphics, No OS, Quiet Blue","5.299,99"
eMAG,"Laptop Acer Aspire Lite 15 AL15-72P-541W cu procesor Intel® Core™ i5-13420H pana la 4.60GHz, 15.6'', Full HD, IPS, 16GB DDR5 RAM, 512GB SSD, Intel® UHD Graphics, No OS, Pure Silver","2.499,99"
eMAG,"Laptop Lenovo IdeaPad Slim 5 14AKP10 cu procesor AMD Ryzen™ AI 5 340 pana la 4.8GHz, 14"" WUXGA, OLED, 32GB DDR5 RAM, 1TB SSD, AMD Radeon™ 840M Graphics, No OS, Luna Grey","4.540,54"
eMAG,"Laptop Gaming Razer Blade 18 cu procesor Intel® Core™ i9-14900HX pana la 5.8GHz, 18'', QHD+, 300Hz, Mini-LED, 32GB DDR5, 2TB SSD M.2 NVMe PCIe 4.0, NVIDIA® GeForce RTX™ 4090 16GB GDDR6, Windows 11 Home, Anodized Black","12.100,00"
eMAG,"Laptop HP 15-fd0110nq cu procesor Intel® Core™ 5 120U pana la 5.0 GHz 15.6"" Full HD, 16GB DDR5, 512 GB SSD, Intel® Graphics, Windows 11 Home, Diamond White","2.999,99"
eMAG,"Laptop Lenovo IdeaPad 5 2-in-1 14AKP10, 83KT001ABM, 14"", AMD Ryzen AI 5 340 (6-core), AMD Radeon 840M Graphics, 16GB 7500MHz LPDDR5x, Gri","8.449,42"
eMAG,"Laptop Apple MacBook Air 13"" cu procesor Apple M4, 10 nuclee CPU si 10 nuclee GPU, 16GB RAM, 512GB, Midnight, Tastatura US, Manual RO","5.399,99"
eMAG,"Laptop Gaming ASUS ROG Strix G16 cu procesor AMD Ryzen™ 9 9955HX pana la 5.4GHz, 16'', Full HD+, WUXGA, 165Hz, IPS, 32GB DDR5 RAM, 1TB SSD, NVIDIA® GeForce RTX™ 5050 8GB GDDR7, No OS, Eclipse Gray","9.499,99"
eMAG,"Apple MacBook Air 15'' cu procesor Apple M5, 10 nuclee CPU, 10 nuclee GPU, 24GB RAM, 1TB SSD, Midnight, Tastatura Internationala","10.509,99"
eMAG,"Laptop HP 15-fd0089nq cu procesor Intel® Core™ i3-1315U pana la 4.5 GHz, 15.6"", Full HD, 8GB DDR4 RAM, 512GB SSD, Intel® UHD Graphics, Windows 11 Home, Warm Gold","2.399,99"
eMAG,"Laptop Gaming Lenovo LOQ 15IRX10 cu procesor Intel® Core™ i7-13650HX pana la 4.90 GHz, 15.6"", Full HD, IPS, 144Hz, 24GB RAM, 1TB SSD M.2 2242 PCIe, NVIDIA® GeForce RTX™ 5070 8GB GDDR7, No OS","7.299,99"
eMAG,"Laptop Lenovo Yoga Slim 9 14ILL10 cu procesor Intel® Core™ Ultra 7 258V pana la 4.8GHz, 14"" 4K WQUXGA, OLED, 120Hz, Touch, 32GB LPDDR5x, 1TB SSD, Intel® Arc™ Graphics, Windows® 11 Home, Tidal Teal, 3y on-site Premium Care","8.799,99"
eMAG,"Laptop Lenovo IdeaPad Slim 5 16AHP10 cu procesor AMD Ryzen™ 7 8845HS pana la 5.1GHz, 16"" WUXGA, IPS, 16GB DDR5 RAM, 1TB SSD, AMD Radeon™ 780M Graphics, No OS, Cosmic Blue","3.993,00"
eMAG,"Laptop Gaming Lenovo LOQ Essential 15ARP10E cu procesor AMD Ryzen™ 7 170 pana la 4.75GHz, 15.6"" Full HD, IPS, 144Hz, 16GB DDR5 RAM, 1TB SSD, NVIDIA GeForce RTX™ 4050 6GB GDDR6, No OS, Luna Grey, 3Y Courier","4.499,99"
eMAG,"Laptop Gaming Lenovo Legion Pro 7 16AFR10H cu procesor AMD Ryzen™ 9 9955HX pana la 5.4GHz, 16"" WQXGA, OLED, 240Hz, 32GB DDR5 RAM, 1TB SSD, NVIDIA® GeForce RTX™ 5070 Ti 12GB GDDR7, No OS, Eclipse Black, 3y on-site Premium Care","13.699,99"
eMAG,"Laptop Lenovo IdeaPad Slim 5 16AKP10 cu procesor AMD Ryzen™ AI 5 340 pana la 4.8GHz, 16"" 2.8K, OLED, 120Hz, 16GB DDR5 RAM, 1TB SSD, AMD Radeon™ 840M Graphics, No OS, Cosmic Blue","4.299,99"
eMAG,"Laptop ASUS Zenbook S 14 UX5406SA cu procesor Intel® Core™ Ultra 7 258V pana la 4.8 GHz, 14'', 3K, OLED, 120Hz, 32GB RAM LPDDR5X, 1TB SSD, Intel® Arc™ Graphics, Windows 11 Pro, Scandinavian White","7.999,99"
eMAG,"Laptop Lenovo Yoga 7 2-in-1 14ILL10, 83JQ001PBM, 14"", Intel Core Ultra 7 258V (8-core), Intel Arc 140V 8 Core, 32GB 7500MHz LPDDR5x, Gri","13.409,17"
eMAG,"Laptop Apple MacBook Neo 13"" cu procesor Apple A18 Pro, 6 nuclee CPU, 5 nuclee GPU, 16 nuclee Neural Engine, 8GB RAM, 256GB SSD, Blush, Tastatura US English","3.299,99"
eMAG,"Laptop Apple MacBook Neo 13"" cu procesor Apple A18 Pro, 6 nuclee CPU, 5 nuclee GPU, 16 nuclee Neural Engine, 8GB RAM, 512GB SSD, Silver, Tastatura US English","3.799,99"
eMAG,"Laptop Auusda 15,6 inci, procesor AMD 3050E (2C/4T), dual-core 16 GB RAM, SSD de 512 GB, IPS FHD, senzor de amprenta, tastatura iluminata, argintiu, Bluetooth 5.0","2.055,79"
eMAG,"Apple MacBook Pro 16'' cu procesor Apple M5 Pro, 18 nuclee CPU, 20 nuclee GPU, 24GB RAM, 1TB SSD, Space Black, Tastatura Internationala, Manual RO","15.399,99"
eMAG,"Laptop Apple MacBook Air 13"" cu procesor Apple M5, 10 nuclee CPU, 10 nuclee GPU, 16 nuclee Neural Engine, 32GB RAM, 1TB SSD, Silver, Tastatura Internationala","9.799,99"
eMAG,"Laptop Lenovo IdeaPad Slim 3 15IRH10 cu procesor Intel® Core™ i7-13620H pana la 4.9GHz, 15.3"" WUXGA, IPS, 24GB DDR5 RAM, 1TB SSD, Intel® UHD Graphics, No OS, METAL, Luna Grey","de la 3.449,99"
eMAG,"Laptop Asus ExpertBook BM1 BM1503CDA-S70259, 15.6 inch 1920 x 1080, AMD Ryzen 5 7535U 6 C / 12 T, 2.9 GHz - 4.55 GHz, 3 MB 16 MB cache, 16 GB RAM, 512 GB SSD, AMD Radeon Graphics, Fara sistem de operare, Negru","2.499,98"
eMAG,"Laptop Lenovo V15 G5 IRL, Intel Core i3-1315U, 15.6 inch, RAM 16GB DDR5, SSD 512GB, Intel UHD Graphics, No OS, Negru","2.099,35"
eMAG,"Laptop HP ProBook 440 G11 cu procesor Intel® Core™ Ultra 5 125U pana la 4.3GHz, 14"", WUXGA, IPS, 16GB DDR5, 512GB SSD, Intel® Graphics, Windows 11 Pro, Silver","4.599,99"
eMAG,"Laptop Lenovo Yoga Pro 9 16IAH10 cu procesor Intel® Core™ Ultra 7 255H pana la 5.1GHz, 16"" 2.8K WQXGA+, OLED, 120Hz, 32GB LPDDR5x RAM, 1TB SSD, NVIDIA® GeForce RTX™ 5060 8GB GDDR7, Windows® 11 Home, Luna Grey, 3y on-site Premium Care","10.499,99"
eMAG,"Laptop Lenovo IdeaPad Slim 5 15ARP10 cu procesor AMD Ryzen™ 7 7735HS pana la 4.75GHz, 15.1"" WQXGA, OLED, 16GB LPDDR5x, 1TB SSD, AMD Radeon™ 680M Graphics, No OS, Seafoam Green","3.399,99"
eMAG,"Laptop ASUS Vivobook 15 F1504VA cu procesor Intel® Core™ i3-1315U pana la 4.5GHz, 15.6'', Full HD, IPS, 16 GB DDR4 RAM, 512 GB SSD, Intel® Graphics, Windows 11 Pro, Quiet Blue","3.872,00"
eMAG,"Laptop Gaming Lenovo Legion Pro 5 15AGP11 cu procesor AMD Ryzen™ AI 7 450 pana la 5.1GHz, 15.3"" WQXGA, OLED, 32GB DDR5 RAM, 1TB SSD, NVIDIA GeForce RTX™ 5060 8GB GDDR7, No OS, Eclipse Black, 3y on-site Premium Care","8.499,99"
eMAG,"Laptop ASUS Vivobook Go 15 E1504FA Procesor AMD Ryzen™ 3 30 4M Cache, up to 4.1 GHz 15.6"" FHD, 8GB LPDDR5, 512GB SSD, AMD Radeon 610M Graphics, Negru","1.778,70"
eMAG,"Laptop Apple MacBook Pro 16"" cu procesor Apple M5 Pro, 18 nuclee CPU, 20 nuclee GPU, 16 nuclee Neural Engine, 64GB RAM, 1TB SSD, Space Black, Tastatura Internationala, Nano Texture Display","21.847,35"
eMAG,"Laptop Gaming ASUS ROG Strix G18 G814PP cu procesor AMD Ryzen™ 9 8940HX pana la 5.3GHz, 18'', Full HD+, WUXGA, IPS, 144Hz, 32GB DDR5 RAM, 1TB SSD, NVIDIA® GeForce RTX™ 5070 8GB GDDR7, No OS, Eclipse Gray","10.999,99"
eMAG,"Laptop Gaming ASUS TUF A17 FA707NUG cu procesor AMD Ryzen™ 7 7445HS pana la 4.7GHz, 17.3'', Full HD, 144Hz, IPS, 16GB DDR5 RAM, 1TB SSD, NVIDIA® GeForce RTX™ 4050 6GB GDDR6, No OS, Mecha Gray","7.018,00"
eMAG,"Laptop Gaming Lenovo Legion 5 15IAX10 cu procesor Intel Core™ Ultra 7 255HX pana la 5.2GHz, 15.1"" WQXGA, OLED, 32GB DDR5 RAM, 1TB SSD, NVIDIA GeForce RTX™ 5060 8GB GDDR7, No OS, Eclipse Black, 3y on-site Premium Care","8.599,99"
eMAG,"Laptop Asus ExpertBook BM1 BM1503CDA-NJ0047X 15.6"", 16 GB RAM, 512 GB SSD, QWERTY spaniol, negru","4.114,00"
eMAG,"Laptop Lenovo IdeaPad Slim 5 14AKP10 cu procesor AMD Ryzen™ AI 5 340 pana la 4.8GHz, 14"" WUXGA, OLED, 32GB DDR5 RAM, 1TB SSD, AMD Radeon™ 840M Graphics, No OS, Cosmic Blue","4.199,99"
eMAG,"Laptop ASUS VivoBook Go 15 E510KA-BQ1204, Intel Celeron N4500, 15.6 inch, RAM 8GB, SSD 512GB, Intel UHD Graphics, No OS, Star Black","1.579,00"
eMAG,"Laptop Gaming Acer Predator Helios Neo 14 AI cu procesor Intel® Core™ Ultra 7 255H pana la 5.1 GHz, 14"", WQXGA IPS, 165Hz, 32GB LPDDR5X, 1TB SSD, NVIDIA® GeForce RTX™ 5060 8GB GDDR7, No OS, Abyssal Black","8.499,99"
eMAG,"Laptop Asus Vivobook 14, Procesor Intel Core I3 1315U, Memorie 16Gb Ram Ddr4, Hard Disk 512Gb Ssd M.2 Pcie, Placa Grafica Intel Graphics, Sistem Operare Windows 11 Pro, Culoare Quiet Blue, Ecran 14 Inch","2.637,99"
eMAG,"Laptop Lenovo IdeaPad Slim 3, 15.6 inch, 4 GB RAM, 128 GB, gri Arctic","1.549,99"
eMAG,"Laptop Lenovo IdeaPad Slim 3 15IRH10 cu procesor Intel® Core™ i5-13420H pana la 4.6GHz, 15.3"" WUXGA, IPS, 16GB DDR5 RAM, 1TB SSD, Intel® UHD Graphics, No OS, METAL, Luna Grey","3.020,99"
eMAG,"Laptop ASUS ExpertBook B1, Intel Core i3, 16GB RAM, SSD 256GB, 15.6 inch, Gentle Grey","2.048,99"
eMAG,"Laptop Asus Vivobook 15, X1502VA-BQ530, 15.6-inch, FHD (1920 x 1080) 16:9 aspect ratio, Intel® Core™ i5-13420H Processor 2.1 GHz (12MB Cache, up to 4.6 GHz, 8 cores, 12 Threads), 8GB DDR4 on board, 512GB M.2 NVMe™ PCIe® 3.0 SSD, 60Hz refresh rate","1.960,20"
eMAG,"Laptop Apple MacBook Pro 14"" cu procesor Apple M5 Pro, 18 nuclee CPU, 20 nuclee GPU, 16 nuclee Neural Engine, 24GB RAM, 1TB SSD, Space Black, Tastatura Internationala","13.699,99"
eMAG,"Laptop HP 250 G10 cu procesor Intel® Core™ i5-1334U pana la 4.6GHz, 15.6"", Ful HD, 8GB DDR4 RAM, 256GB SSD, Intel® Iris® Xᶱ Graphics, Free DOS, Dark ash silver","2.399,99"
eMAG,"Laptop HP OmniBook 7 AeroNGAI 13-bg1008nn with processor AMD Ryzen™ AI 7 350 up to 5.0GHz, 13.3'', 2K, 32GB DDR5 RAM, 1TB SSD, AMD Radeon™ 860M Graphics, Windows 11 Home, Glacier silver","6.699,99"
eMAG,"Laptop Gaming Lenovo Legion Pro 7 16AFR10H cu procesor AMD Ryzen™ 9 9955HX pana la 5.4GHz, 16"" WQXGA, OLED, 240Hz, 64GB DDR5 RAM, 1TB SSD, NVIDIA® GeForce RTX™ 5070 Ti 12GB GDDR7, No OS, Eclipse Black, 3y on-site Premium Care","14.999,99"
eMAG,"Laptop Lenovo V15 G4 AMN cu procesor AMD Ryzen™ 3 7320U pana la 4.1 GHz, 15.6"", Full HD, 8GB, 512GB SSD, AMD Radeon™ 610M Graphics, No OS, Business Black, 3Y Courier/Carry-in upgrade","1.799,90"
eMAG,"Laptop Gaming Lenovo Legion Pro 5 16IAX10 cu procesor Intel® Core Ultra 9 275HX pana la 5.4GHz, 16"" WQXGA, OLED, 165Hz, 32GB, 1TB SSD, NVIDIA® GeForce RTX™ 5070 8GB GDDR7, NO OS, Eclipse Black, 3y on-site Premium Care","10.999,99"
eMAG,"Laptop Gaming HP OMEN 16-wd0117nq cu procesor Intel® Core™ i7-13620H pana la 4.9 GHz, 16.1"", Full HD, IPS, 144Hz, 32GB DDR5, 512GB SSD, NVIDIA GeForce RTX 4050 6GB GDDR6, Free DOS, Shade Black","6.299,99"
eMAG,"Laptop ASUS Gaming 16 inch TUF F16 FX607VJ, FHD+ 144Hz, Procesor Intel® Core™ 5 210H (12M Cache, up to 4.80 GHz), 16GB DDR4, 1TB SSD, GeForce RTX 3050 6GB, No OS, Mecha Gray","3.999,99"
eMAG,"Laptop Acer Aspire 16 AI OLED A16-52M-5778 cu procesor Intel® Core™ Ultra 5 226V pana la 4.5GHz, 16"", WUXGA+ OLED, 120Hz, 16GB LPDDR5X RAM, 512GB SSD, Intel® Arc™ Graphics, No OS, Steel Gray","4.299,99"
eMAG,"Laptop Apple MacBook Air 15"", cu procesor Apple M4, 10 nuclee CPU si 10 nuclee GPU, 16GB RAM, 512GB, Silver, Tastatura Internationala, Manual RO","7.350,58"
eMAG,"Laptop DELL Pro 15 Essential PV15250 cu Procesor Intel® Core™ i5-1334U pana la 4.60 GHz, 15.6"" FullHD, 120Hz, 16GB DDR5, 1TB SSD, Intel Integrated Graphics, Ubuntu, Platinum Silver","2.799,99"
eMAG,"Laptop ASUS VivoBook 15, AMD Ryzen 5 7430U, SSD 512GB, RAM 16GB, albastru quiet, 15.6inch","2.295,37"
eMAG,"Laptop Lenovo ThinkPad E14 Gen 6 cu procesor AMD Ryzen™ 5 7535HS pana la 4.55GHz, 14"" WUXGA, IPS, 32GB DDR5 RAM, 1TB SSD, AMD Radeon™ 660M Graphics, Windows® 11 Pro, Black, 3Y Onsite upgrade","8.470,00"
eMAG,"Laptop Lenovo IdeaPad Slim 5 14IRH10R, 14 inch 1920 x 1200, Intel 210H 8 C / 12 T, 2.2 GHz - 4.8 GHz, 12 MB cache, 28 W, 32 GB DDR5, 512 GB SSD, Intel Graphics, Windows 11 Pro","6.534,00"
eMAG,"Laptop Asus ExpertBook P1 P1503CVA-S70675W, 15.6"", Intel Core i7, 16 GB RAM, 512 GB SSD, gri, QWERTY spaniol","4.840,00"
eMAG,"Laptop Lenovo V15 G4 AMN, 15.6 inch 1920 x 1080, AMD Ryzen 3 7320U 4 C / 8 T, 2.4 GHz - 4.1 GHz, 2 MB 4 MB cache, 8 GB LPDDR5, 256 GB SSD, AMD AMD Radeon 610M, Windows 11 Pro","3.267,00"
eMAG,"Laptop Lenovo 21M5001DSP 16"" AMD Ryzen 5 7535HS 16 GB RAM 512 GB SSD Qwerty Spaniola","6.897,00"
eMAG,"Laptop Lenovo 15,6"" i5-12450H 16 GB RAM 1 TB SSD","4.477,00"
eMAG,"Laptop Lenovo V15 G4 IRU, 15.6 inch, Intel Core I5-13420H 8 C / 12 T, 3.4 GHz - 4.6 GHz, 12 MB cache, 8 GB RAM, 512 GB SSD, Intel UHD Graphics, Windows 11 Pro","3.993,00"
eMAG,"Laptop Lenovo 16'' IdeaPad Slim 5 16IRH10, WUXGA IPS, Procesor Intel® Core™ i7-13620H (24M Cache, up to 4.90 GHz), 40GB DDR5, 8 TB SSD, Intel UHD, No OS, Luna Grey","20.207,00"
eMAG,"Laptop ASUS VivoBook 1505VA cu procesor Intel® Core™ i5-1335U pana la 4.60 GHz, 10 cores, 15.6"", Full HD, IPS, 16GB DDR4, 4TB SSD, Intel Iris Xe Graphics, No OS, Quiet Blue","7.139,00"
eMAG,"Laptop Asus Vivobook 15 X1502VA-BQ676W, 15.6 inch 1920 x 1080, Intel Core I5-13420H 8 C / 12 T, 3.4 GHz - 4.6 GHz, 12 MB cache, 16 GB DDR4, 512 GB SSD, Intel UHD Graphics, Windows 11 Home","4.235,00"
eMAG,"Laptop ASUS ExpertBook P1 P1503CVA cu procesor Intel® Core™ i5-13420H pana la 4.6GHz, 15.6'', Full HD, 32GB DDR5, 250GB SSD, Intel® UHD Graphics, No OS","5.808,00"
eMAG,"Laptop Asus ExpertBook B1 B1503CVA-S75229X, 15.6 inch 1920 x 1080, Intel Core I7-13620H 10 C / 16 T, 3.6 GHz - 4.9 GHz, 24 MB cache, 16 GB DDR5, 1 TB SSD, Intel UHD Graphics, Windows 11 Pro","5.324,00"
eMAG,"Laptop, Lenovo, Intel® Core™ Ultra 5 125U pana la 4.3GHz, 16"" WUXGA, IPS, 32GB DDR5, 1020 GB SSD, Intel® Graphics, Gri","7.744,00"
eMAG,"Laptop Lenovo cu procesor Intel® Core™ Ultra 5 125U pana la 4.3GHz, 16"" WUXGA, IPS, 48GB DDR5, 250 GB SSD, Intel® Graphics, No OS, cloud Grey","7.623,00"
eMAG,"Laptop Lenovo cu procesor Intel® Core™ Ultra 5 125U pana la 4.3GHz, 16"" WUXGA, IPS, 24GB DDR5, 256 GB SSD, Intel® Graphics, No OS, cloud Grey","6.050,00"
eMAG,"Laptop, Lenovo, Intel® Core™ Ultra 5 125U pana la 4.3GHz, 16"" WUXGA, IPS, 40GB DDR5, 2000 GB SSD, Gri","8.833,00"
eMAG,"Laptop, Lenovo, Intel® Core™ Ultra 5 125U pana la 4.3GHz, 16"" WUXGA, IPS, 48GB DDR5, 8.5 TB SSD, Gri","18.150,00"
eMAG,"Laptop, Lenovo, Intel® Core™ Ultra 5 125U pana la 4.3GHz, 16"" WUXGA, IPS, 40GB DDR5, 960 GB SSD, Gri","8.712,00"
eMAG,"Laptop, Lenovo, Intel® Core™ Ultra 5 125U pana la 4.3GHz, 16"" WUXGA, IPS, 48GB DDR5, 960 GB SSD, Gri","8.228,00"
eMAG,"Laptop, Lenovo, Intel® Core™ Ultra 5 125U pana la 4.3GHz, 16"" WUXGA, IPS, 40GB DDR5, 1.92 TB SSD, Gri","9.317,00"
eMAG,"Laptop, Lenovo, Intel® Core™ Ultra 5 125U pana la 4.3GHz, 16"" WUXGA, IPS, 48GB DDR5, 3.84 TB SSD, Gri","11.132,00"
eMAG,"Laptop, Lenovo, Intel® Core™ Ultra 5 125U pana la 4.3GHz, 16"" WUXGA, IPS, 48GB DDR5, 6 TB SSD, Gri","12.947,00"
eMAG,"Laptop, Lenovo, Intel® Core™ Ultra 5 125U pana la 4.3GHz, 16"" WUXGA, IPS, 48GB DDR5, 2000 GB SSD, Gri","9.559,00"
eMAG,"Laptop, Lenovo, Intel® Core™ Ultra 5 125U pana la 4.3GHz, 16"" WUXGA, IPS, 40GB DDR5, 1500 GB SSD, Gri","8.833,00"
eMAG,"Laptop, Lenovo, Intel® Core™ Ultra 5 125U pana la 4.3GHz, 16"" WUXGA, IPS, 48GB DDR5, 2.5 TB SSD, Gri","9.559,00"
eMAG,"Laptop, Lenovo, Intel® Core™ Ultra 5 125U pana la 4.3GHz, 16"" WUXGA, IPS, 48GB DDR5, 1.5 TB SSD, Gri","8.954,00"
eMAG,"Laptop, Lenovo, Intel® Core™ Ultra 5 125U pana la 4.3GHz, 16"" WUXGA, IPS, 40GB DDR5, 4 TB SSD, Gri","11.374,00"
eMAG,"Laptop, Lenovo, Intel® Core™ Ultra 5 125U pana la 4.3GHz, 16"" WUXGA, IPS, 40GB DDR5, 3.84 TB SSD, Gri","11.253,00"
eMAG,"Laptop, Lenovo, Intel® Core™ Ultra 5 125U pana la 4.3GHz, 16"" WUXGA, IPS, 48GB DDR5, 1.95 TB SSD, Gri","9.317,00"
eMAG,"Laptop Lenovo cu procesor Intel® Core™ Ultra 5 125U pana la 4.3GHz, 16"" WUXGA, IPS, 40GB DDR5, 2 TB SSD, Intel® Graphics, No OS, cloud Grey","9.317,00"
eMAG,"Laptop Lenovo cu procesor Intel® Core™ Ultra 5 125U pana la 4.3GHz, 16"" WUXGA, IPS, 64GB DDR5, 1950 GB SSD, Intel® Graphics, No OS, cloud Grey","12.100,00"
eMAG,"Laptop Lenovo cu procesor Intel® Core™ Ultra 5 125U pana la 4.3GHz, 16"" WUXGA, IPS, 48GB DDR5, 1 TB SSD, Intel® Graphics, No OS, cloud Grey","8.833,00"
eMAG,"Laptop, Lenovo, Intel® Core™ Ultra 5 125U pana la 4.3GHz, 16"" WUXGA, IPS, 48GB DDR5, 2500 GB SSD, Gri","9.559,00"
eMAG,"Laptop ASUS ExpertBook cu procesor Intel® Core™ i7-13620H pana la 4.9GHz, 15.6'', Full HD, IPS, 32GB DDR5, 8 TB SSD, Intel® UHD Graphics, No OS, Misty Grey","16.940,00"
eMAG,"Laptop Lenovo, Intel Core Ultra 5 125U, 16"" WUXGA, 64GB DDR5, 6TB SSD, cloud Grey","15.004,00"
eMAG,"Laptop Lenovo IdeaPad Slim 5 cu procesor Intel® Core™ i7-13620H pana la 4.9GHz, Raptor Lake, 16"" WUXGA, IPS, 64GB DDR5, 8 TB SSD, Intel® UHD Graphics, No OS, space grey","26.620,00"
eMAG,"Laptop Lenovo cu procesor Intel® Core™ Ultra 5 125U pana la 4.3GHz, 16"" WUXGA, IPS, 48GB DDR5, 4.5 TB SSD, Intel® Graphics, No OS, cloud Grey","10.648,00"
eMAG,"Laptop Lenovo cu procesor Intel® Core™ Ultra 5 125U pana la 4.3GHz, 16"" WUXGA, IPS, 40GB DDR5, 480 GB SSD, Intel® Graphics, No OS, cloud Grey","7.986,00"
eMAG,"Laptop Lenovo IdeaPad Slim 3 15IAH8, 15.6 inch 1920 x 1080, Intel Core i5-12450H 8 C / 12 T, 3.3 GHz - 4.4 GHz, 12 MB cache, 15 W, 16 GB LPDDR5, 512 GB SSD, Intel UHD Graphics, Windows 11 Home","4.840,00"
eMAG,"Laptop Apple MacBook Air 13"" cu procesor Apple M5, 10 nuclee CPU, 10 nuclee GPU, 16 nuclee Neural Engine, 16GB RAM, 512GB SSD, Midnight, Tastatura Internationala","6.699,99"
eMAG,"Laptop Apple MacBook Pro 14"" cu procesor Apple M5, 10 nuclee CPU si 10 nuclee GPU, 32GB RAM, 512GB, Silver, Tastatura Internationala, Manual RO","10.999,99"
eMAG,"Laptop HP ProBook 460 G11 cu procesor Intel® Core™ Ultra 7 155U pana la 4.8GHz, 16"", WUXGA, IPS, 16GB DDR5 RAM, 512GB SSD, Intel® Graphics, Free DOS, Pike silver","4.499,99"
eMAG,"Laptop Gaming Acer Nitro V14 ANV14-62-R6MG cu procesor AMD Ryzen™AI 7 350 pana la 5.0GHz, 14.5"", WQXGA, 165Hz, IPS, 16GB DDR5 RAM, 1TB SSD, NVIDIA® GeForce RTX™ 5060 8GB GDDR7, No OS, Pearl White","6.699,99"
eMAG,"Laptop Energizer Ultimate EnergyBook Pro cu procesor AMD Ryzen™ 5 3500U pana la 3.70GHz, 15.6'', FHD, 16GB RAM, 512GB SSD, Radeon™ Vega 8 Graphics, Windows 11 Home, Grey","1.999,99"
eMAG,"Laptop HP Gaming Victus 15-fb3031nn cu procesor AMD Ryzen™ AI 7 350 pana la 5.0GHz, 15.6"", Full HD, IPS, 144Hz, 24GB DDR5, 1TB SSD, NVIDIA® GeForce RTX™ 5060 8GB GDDR7, Free DOSS, Performance Blue","6.499,99"
eMAG,"Laptop Gaming ASUS ROG Strix G16 G614FR cu procesor AMD Ryzen™ 9 9955HX3D pana la 5.4GHz, 16'', 2.5K, WQXGA, IPS, 240Hz, 32GB DDR5 RAM, 1TB SSD, NVIDIA® GeForce RTX™ 5070 Ti 12GB GDDR7, Windows 11 Pro, Eclipse Gray","13.999,99"
eMAG,"Laptop HP 250 G10 cu procesor Intel® Core™ i5-1334U pana la 4.60 GHz, 15.6"", Full HD, 8GB DDR4, 512GB SSD, Intel® Iris® Xe Graphics, Windows 11 Pro, Dark Ash Silver","2.952,18"
eMAG,"Laptop Lenovo Yoga 7 2-in-1 14ILL10 cu procesor Intel® Core Ultra 7 256V pana la 4.8GHz, 14"" WUXGA, OLED, Touch, 16GB LPDDR5x RAM, 1TB SSD, Intel® Arc™ Graphics 140V, No OS, Seashell, 3y on-site Premium Care","4.899,99"
eMAG,"Laptop Apple MacBook Pro 16.2"", cu procesor Apple M4 Pro, 14 nuclee CPU si 20 nuclee GPU, 24 GB RAM, 1TB SSD, Silver, Tastatura internationala","14.639,99"
eMAG,"Laptop Gaming MSI Katana A15 AI B8VE-605XRO cu procesor AMD Ryzen™ 7 8845HS pana la 5.1GHz, 15.6'', Full HD, 144Hz, IPS, 16GB DDR5 RAM, 512GB SSD, NVIDIA GeForce RTX 4050 6GB GDDR6, No OS, Black","4.559,99"
eMAG,"Laptop Lenovo ThinkPad X12 Detachable Gen 2, 32GB RAM, SSD 1TB, negru","20.109,89"
eMAG,"Laptop Lenovo V14 G5 IRL cu procesor Intel® Core i7-13620H pana la 4.90 GHz, 14"" FHD, 16GB RAM, 512GB SSD, Intel® UHD Graphics, No OS","3.199,99"
eMAG,"Laptop Gaming Lenovo LOQ 15IRX9 cu procesor Intel Core i5-13450HX pana la 4.60 GHz, 15.6"", Full HD, IPS, 144Hz, 24GB RAM, 1TB SSD, NVIDIA GeForce RTX 4050 6GB GDDR6, No OS, Luna Grey","4.849,99"
eMAG,"Laptop Apple MacBook Air 15"" cu procesor Apple M5, 10 nuclee CPU, 10 nuclee GPU, 16 nuclee Neural Engine, 32GB RAM, 2TB SSD, Midnight, Tastatura Internationala","13.999,99"
eMAG,"Laptop Lenovo ThinkPad T14s Gen 6, AMD Ryzen AI 7 PRO, 32 GB, 1 TB SSD, 35,6 cm (14""), negru","15.856,51"
eMAG,"Laptop V15, Lenovo, 15.6 inch, AMD Ryzen 5, 512GB, 16GB RAM, Windows 11 Pro, Negru","3.712,69"
eMAG,"Laptop Lenovo Yoga 7 2-in-1 14ILL10 cu procesor Intel® Core™ Ultra 7 256V pana la 4.8GHz, 14"" WUXGA, OLED, Touch, 16GB LPDDR5x RAM, 512GB SSD, Intel® Arc™ Graphics, Windows® 11 Home, Luna Grey, 3y on-site Premium Care","5.799,99"
eMAG,"Laptop Apple MacBook Air 13"" cu procesor Apple M4, 10 nuclee CPU si 10 nuclee GPU, 24GB RAM, 1TB, Midnight, Tastatura Internationala, Manual RO","7.739,99"
eMAG,"Laptop Gaming Acer Predator Helios 18 AI PH18-73-956S cu procesor Intel® Core™ Ultra 9 275HX pana la 5.4GHz, 18'', WQXGA, IPS, 250Hz, 128GB DDR5 RAM, 6TB SSD, NVIDIA® GeForce RTX™ 5080 16 GB GDDR7, Windows 11 Home, Abyssal Black","23.999,99"
eMAG,"Laptop HP 14, 32.37x21.5x1.79 cm, Procesor Intel N150, 4 Nuclee, 3.6 Ghz, Memorie Ram 16 Gb Ddr4, Stocare 640 Gb Ssd, Sistem De Operare Windows 11 Home, Waterfall Blue","2.171,99"
eMAG,"Laptop ASUS Vivobook 15 A1502VA cu procesor Intel® Core™ i5-13420H pana la 4.6GHz, 15.6'', Full HD, IPS, 16GB DDR4 RAM, 1TB SSD, Intel® UHD Graphics, No OS, Quiet Blue","2.499,99"
eMAG,"Laptop Gaming ASUS TUF F16 FX607VU cu procesor Intel® Core™ 5 210H pana la 4.8GHz, 16'', Full HD+ WUXGA, IPS, 144Hz, 16GB DDR5 RAM, 1TB SSD, NVIDIA® GeForce RTX™ 4050 6GB GDDR6, No OS,Mecha Gray","4.799,99"
eMAG,"Laptop ASUS Vivobook 14 Flip TP3407SA cu procesor Intel® Core™ Ultra 5 Processor 226V pana la 4.5GHz, 14'', WUXGA, OLED, Touch, 16GB LPDDR5x RAM, 1TB SSD, Intel® Arc™ Graphics, Windows 11 Pro, Matte Gray","5.399,99"
eMAG,"Laptop Lenovo Yoga 7 2-in-1 14IPH11 cu procesor Intel Core™ Ultra 7 355 pana la 4.7GHz, 14"" 2.8K WQXGA+, OLED, Touch, 32GB LPDDR5x RAM, 1TB SSD, Intel® Graphics, Windows 11 Pro, Seashell, 3y on-site Premium Care","8.199,99"
eMAG,"Laptop Gaming ASUS TUF F16 FX607VJ Procesor Intel® Core™ 5 210H 12M Cache, up to 4.80 GHz, 16"" FHD+ 144Hz, 16GB DDR4, 512GB SSD, NVIDIA GeForce RTX 3050 @6GB, DLSS 3.0, Negru/Gri","4.346,99"
eMAG,"Laptop HP OmniBook X Flip Next Gen AI 16-as0025nn cu procesor Intel® Core™ Ultra 5 226V pana la 4.5GHz, 16'', 2K, IPS, Touch, 16GB LPDDR5x RAM, 512GB SSD, Intel® Arc™, Windows 11 Home, Glacier silver","5.599,99"
eMAG,"Apple MacBook Air 13'' cu procesor Apple M5, 10 nuclee CPU, 10 nuclee GPU, 16GB RAM, 1TB SSD, Midnight, Tastatura Internationala, Manual RO","7.399,99"
eMAG,"Laptop Apple MacBook Pro 16.2"", cu procesor Apple M4 Max, 16 nuclee CPU si 40 nuclee GPU, 64 GB RAM, 2TB SSD, Space Black, Tastatura internationala","24.999,99"
eMAG,"Laptop HP 17-cn3004nq cu procesor Intel® Core™ i5-1334U pana la 4.6GHz, 17.3'', Full HD, IPS, 16GB DDR4 RAM, 1TB SSD, Intel® Iris® Xe, Free DOS, Black","de la 4.598,00"
eMAG,"Laptop HP 15-fd0094nq cu procesor Intel® Core™ i3-1315U pana la 4.5 GHz, 15.6"", Full HD, 8GB DDR4 RAM, 512GB SSD, Intel® UHD Graphics, Windows 11 Home, Natural Silver","2.399,99"
eMAG,"Laptop Apple MacBook Pro 14"" cu procesor Apple M4 Pro, 14 nuclee CPU si 20 nuclee GPU, 48GB RAM, 512GB, Space Black, Tastatura Internationala, Manual RO","14.499,99"
eMAG,"Laptop Lenovo V15 G5 IRL cu procesor Intel Core i5-13420H pana la 4.60 GHz, 15.6"" FHD, 16GB DDR5 RAM, 512GB SSD, Intel UHD Graphics, No OS","2.690,00"
eMAG,"Laptop MacBook Pro 14″ cu procesor Apple M5 cu 10 nuclee CPU si 10 nuclee GPU, 32GB RAM , 2TB SSD, Silver, Tastatura Internationala","14.399,99"
eMAG,"Laptop ASUS ExpertBook P1 P1503CVA cu procesor Intel® Core™ 5 210H pana la 4.8GHz, 15.6'', Full HD, IPS Wide view, 32GB DDR5 RAM, 1TB SSD, Intel® Graphics, No OS, Misty Grey","3.899,99"
eMAG,"Laptop Lenovo ThinkBook 14 2-in-1 Gen 5 cu procesor Intel Core™ Ultra 5 225U pana la 4.8GHz, 14"" WUXGA, Touch, IPS, 16GB DDR5 RAM, 512GB SSD, Intel® Graphics, Windows® 11 Pro, Luna Grey, 3Y Courier","7.839,99"
eMAG,"Laptop Lenovo IdeaPad Slim 3 15IRU8 cu procesor Intel® Processor U300 pana la 4.4GHz, 15.6"" Full HD, 4GB LPDDR5, 128GB SSD, Intel® UHD Graphics, Windows 11 Home in S mode, Abyss Blue","1.864,97"
eMAG,"Laptop Dell 14 Plus 2-in-1 DB04250 cu procesor Intel™ Core® Ultra 7 256V pana la 4.8 GHz, 14.0"" Full HD+ Touch, 16GB LPDDR5x RAM, 1TB SSD, Intel™ Arc™ Graphics, Windows 11 Pro, Ice Blue","6.701,99"
eMAG,"Laptop Lenovo ThinkPad L14 Gen 6 cu procesor Intel® Core Ultra 5 225U pana la 4.8GHz, 14"" WUXGA , IPS, 16GB DDR5 RAM, 512GB SSD, Intel® Graphics, Windows® 11 Pro, Black, 3y on-site Premium Care","6.399,99"
eMAG,"Laptop Acer Swift Go 14 OLED SFG14-74-90EF cu procesor Intel® Core™ Ultra 9 285H pana la 5.4GHz, 14"" WUXGA, OLED, 16GB LPDDR5X RAM, 1TB SSD, Intel® Arc™ 140T GPU, Windows 11 Home, Pure Silver","6.499,99"
eMAG,"Apple MacBook Air 15'' cu procesor Apple M5, 10 nuclee CPU, 10 nuclee GPU, 24GB RAM, 1TB SSD, Silver, Tastatura Internationala, Manual RO","9.799,99"
eMAG,"Laptop Lenovo Yoga Slim 7 14ILL10 cu procesor Intel Core™ Ultra 7 256V pana la 4.8GHz, 14"" WUXGA, OLED, 16GB LPDDR5x RAM, 1TB SSD, Intel Arc Graphics 140V, Windows 11 Home, Seashell, 3y on-site Premium Care","5.199,99"
eMAG,"Laptop Apple MacBook Air 13"" cu procesor Apple M5, 10 nuclee CPU, 10 nuclee GPU, 16 nuclee Neural Engine, 32GB RAM, 2TB SSD, Midnight, Tastatura Internationala","12.499,99"
eMAG,"Laptop Lenovo IdeaPad Slim 3 15IAN8 cu procesor Intel® N100 pana la 3.4GHz, 15.6"" Full HD, 4GB LPDDR5 RAM, 256GB SSD, Intel UHD Graphics, No OS, Arctic Grey","1.936,00"
eMAG,"Laptop Apple MacBook Air 15"" cu procesor Apple M5, 10 nuclee CPU, 10 nuclee GPU, 16 nuclee Neural Engine, 24GB RAM, 512GB SSD, Midnight, Tastatura Internationala","8.499,99"
eMAG,"Lenovo V15 G4 AMN, AMD Ryzen™ 5 7520U (2.80 GHz, 2 MB), 15.6 1920 x 1080 Non-Touch, Windows 11 Pro 64, 8.0GB, 1x256GB SSD M.2 2242 PCIe Gen4 TLC, Business Black","3.509,00"
eMAG,"Laptop Lenovo ThinkPad L13 G6 cu AMD Ryzen 7 PRO 250 (3.3/5.1GHz, 16M), 16 GB, 512GB M.2 NVMe SSD, AMD Radeon 780M, Windows 11 Pro, Negru","8.440,52"
eMAG,"Laptop Lenovo IdeaPad 5 2-in-1 16IAL10 cu procesor Intel Core™ Ultra 7 255H pana la 5.1GHz, 16'', WUXGA, IPS, Touch, 16GB DDR5 RAM, 1TB SSD, Intel® Arc™ 140T GPU, No OS, Cosmic Blue, 3Y Courier","4.949,99"
eMAG,"Laptop ASUS Vivobook 15 A1504VA cu procesor Intel® Core™ 5 120U pana la 5.0GHz, 15.6'', Full HD, IPS, 8GB DDR5, 512GB SSD, Intel® Graphics, No OS, Quiet Blue","2.399,99"
eMAG,"Laptop Gaming ASUS ROG Strix SCAR 16 G635LW cu procesor Intel® Core™ Ultra 9 275HX pana la 5.4GHz, 16"", 2.5K WQXGA, Mini LED, 240Hz, G-Sync, 32GB DDR5, 2TB SSD, NVIDIA® GeForce RTX™ 5080 16GB GDDR7, No OS, Off Black","18.999,99"
eMAG,"Laptop Gaming ASUS TUF A17 FA707NUG cu procesor AMD Ryzen™ 7 7445HS pana la 4.70 GHz, 17.3"", FHD 144Hz, 16GB DDR5, 1TB SSD, GeForce RTX 4050 6GB, No OS, Mecha Gray","4.999,99"
eMAG,"Laptop Dell Vostro 3530 cu procesor Intel® Core™ i7-1355U pana la 5.0GHz, 15.6'', Full HD, IPS, 120Hz, 16GB DDR4 RAM, 512GB SSD, Intel® Iris® Xe Graphics, Windows 11 Pro, Black","3.999,05"
eMAG,"Laptop HP OmniBook 7 AeroNGAI 13-bg1010nn cu procesor AMD Ryzen™ AI 7 350 pana la 5.0GHz, 13.3"", 2K, IPS, 16GB LPDDR5x RAM, 512GB SSD, AMD Radeon™ 860M Graphics, Windows 11 Home, Glacier silver","5.699,99"
eMAG,"Laptop Gaming ASUS ROG Strix G18 G815LP cu procesor Intel® Core™ Ultra 9 275HX pana la 5.4GHz, 18'', 2.5k, WQXGA, IPS, 240Hz, 16GB DDR5 RAM, 1TB SSD, NVIDIA® GeForce RTX™ 5070 8GB GDDR7, No OS, Eclipse Gray, 3Y PUR","13.499,99"
eMAG,"Laptop Lenovo Yoga 7 2-in-1 14AKP10 cu procesor AMD Ryzen™ AI 7 350 pana la 5.0GHz, 14"" 2.8K WQXGA+ , OLED, 120Hz, Touch, 24GB LPDDR5x RAM, 1TB SSD, AMD Radeon™ 860M Graphics, Windows® 11 Home, Seashell, 3y on-site Premium Care","6.811,99"
eMAG,"Laptop Lenovo ThinkPad P16v Gen 2 cu procesor Intel® Core™ Ultra 7 155H pana la 4.8GHz, 16"" WQUXGA, IPS, 32GB DDR5 RAM, 1TB SSD, NVIDIA® RTX 1000 6GB GDDR6, Windows® 11 Pro, Black, 3-year, Courier or Carry-in","12.999,99"
eMAG,"Laptop Gaming HP OMEN MAX Laptop 16-ah0011nn cu procesor Intel® Core™ Ultra 7 255HX pana la 5.2GHz, 16"", WQXGA, OLED, 240Hz, 32GB DDR5 RAM, 1TB SSD, NVIDIA® GeForce RTX™ 5070 Ti 12GB GDDR7, Free DOS, Shadow black","10.999,99"
eMAG,"Laptop Gaming Acer Nitro V14 cu procesor AMD Ryzen™ AI 5 340 pana la 4.8 GHz, 14.5"", WQXGA IPS, 165Hz, 16GB DDR5, 1TB SSD, NVIDIA® GeForce RTX™ 5060 8GB GDDR7, No OS, Pearl White","6.199,99"
eMAG,"Laptop ASUS Vivobook 16 X1605VA Procesor Intel Core i5-13420H 12M Cache, up to 4.60 GHz 16"" WUXGA, 16GB, 512GB SSD, Intel UHD Graphics, Argintiu","2.599,00"
eMAG,"Laptop Gaming Lenovo Legion 7 16IAX10 cu procesor Intel Core™ Ultra 9 275HX pana la 5.4GHz, 16"" WQXGA, OLED, 240Hz, 32GB DDR5 RAM, 1TB SSD, NVIDIA® GeForce RTX™ 5070 8GB GDDR7, No OS, Glacier White, 3y on-site Premium Care","11.499,99"
eMAG,"Laptop Lenovo IdeaPad Slim 3 15ARP10 cu procesor AMD Ryzen™ 5 7535HS pana la 4.55GHz, 15.3"" WUXGA, IPS, 16GB DDR5 RAM, 512GB SSD, AMD Radeon™ 660M Graphics, Windows® 11 Home, Cosmic Blue, Aluminiu","2.949,99"
eMAG,"Laptop Asus Vivobook 17 X1704VA-AU721, 17.3 inch 1920 x 1080, Intel Core i3-1315U 6 C / 8 T, 3.3 GHz - 4.5 GHz, 10 MB cache, 28 W, 8 GB DDR4, 512 GB SSD, Intel UHD Graphics, Fara sistem de operare, Albastru","2.649,00"
eMAG,"Laptop Lenovo IdeaPad Slim 3 15AHP10 cu procesor AMD Ryzen™ 7 8840HS pana la 5.1GHz, 15.3"" WUXGA, IPS, 16GB DDR5 RAM, 512GB SSD, AMD Radeon™ 780M Graphics, No OS, Luna Grey, 3Y Courier","2.999,99"
eMAG,"Laptop Gaming HP OMEN MAX 16-ah0009nn cu procesor Intel® Core™ Ultra 7 255HX pana la 5.2GHz, 16"", WQXGA, OLED, 240Hz, 64GB DDR5 RAM, 1TB SSD, NVIDIA® GeForce RTX™ 5070 Ti 12GB GDDR7, Free DOS, Shadow black","11.899,99"
eMAG,"Laptop ASUS Vivobook S14 D3407KA cu procesor AMD Ryzen™ AI 5 330 pana la 4.4GHz, 14'', WUXGA, OLED, 16GB DDR5 RAM, 512GB SSD, AMD Radeon™ Graphics, No OS, Matte Gray","3.499,99"
eMAG,"Laptop Lenovo IdeaPad Slim 5 14IRH10R cu procesor Intel® Core™ 5 210H pana la 4.8GHz, 14"" WUXGA, OLED, 32GB DDR5 RAM, 1TB SSD, Intel® Graphics, No OS, Cosmic Blue","3.799,99"
eMAG,"Laptop HP 255R G10 cu procesor AMD Ryzen™ 3 7335U pana la 4.3GHz, 15.6"" Full HD, 16GB DDR5 RAM, 512GB SSD, AMD Radeon™ 660M Graphics, Free DOS, Dark ash silver","2.399,99"
eMAG,"Laptop Lenovo V15 G5, Intel Core i5-13420H, 16GB RAM, 512GB SSD, 15.6 inch, Windows 11Pro, Negru","2.994,75"
eMAG,"Laptop ASUS ExpertBook B9406CAA cu procesor Intel® Core™ Ultra X7 358H pana la 4.8GHz, 14'', WQXGA+, Tandem OLED, 64GB LPDDR5X RAM, 1TB SSD, Intel® Arc™ Graphics, Windows 11 Pro, Morn Grey","19.999,99"
eMAG,"Laptop ASUS Vivobook 17 A1704VA cu procesor intel® Core™ 7 150U pana la 5.4GHz, 17.3"" Full HD, IPS, 16GB DDR5 RAM, 1TB SSD, Intel® Graphics, No OS, Quiet Blue","3.799,99"
eMAG,"Laptop HP 15-fd0114nq cu procesor Intel® Core™ 5 120U pana la 5.0 GHz 15.6"" Full HD, 16GB DDR5, 512 GB SSD, Intel® Graphics, NO OS, Diamond White","2.499,99"
eMAG,"Laptop Lenovo IdeaPad 5 2-in-1 14IAL10, 83KR001ABM, 14"", Intel Core Ultra 5 225U (12-core), Intel Arc 4 Core, 16GB 8000MHz LPDDR5x, Gri","5.419,09"
eMAG,"Laptop Acer Aspire 16 AI OLED cu procesor AMD Ryzen™ AI 5 330 pana la 4.50 GHz, 16"", WUXGA OLED, 16GB LPDDR5X, 512GB SSD, AMD Radeon™ 820M, No OS, Steel Gray","3.799,99"
eMAG,"Laptop HP OmniBook X Flip 14-fk0015nn cu procesor AMD Ryzen™ AI 7 350 pana la 5.0GHz, 14.0"" TOUCH, 3K, 24GB DDR5 RAM, 1TB SSD, AMD Radeon™ 860M Graphics, Windows 11 Home, Meteor Silver","6.799,99"
eMAG,"Laptop HP EliteBook 660 16 G11 cu procesor Intel® Core™ Ultra 7 165U pana la 4.9GHz, 16'', WUXGA, IPS, 16GB DDR5 RAM, 512GB SSD, Windows 11 Pro, Pike silver aluminum","6.683,00"
eMAG,"Laptop ASUS Vivobook S16 S3607VA cu procesor Intel Core i7-13620H pana la 4.9GHz, 16'', WUXGA, IPS, 144Hz, 16GB DDR5 RAM, 1TB SSD, Intel UHD Graphics, No OS, Matte Gray","4.284,99"
eMAG,"Laptop Gaming HP Victus Roku 25C1 cu procesor Intel® Core™ i5 -13420H pana la 4.6 Ghz, 15.6"" FullHD IPS, 16 GB DDR4, 512GB SSD, NVIDIA GeForce RTX 4050 6GB VRAM, No OS, powder pink","5.499,99"
eMAG,"Laptop Apple MacBook Air 13"" cu procesor Apple M5, 10 nuclee CPU, 10 nuclee GPU, 16 nuclee Neural Engine, 32GB RAM, 1TB SSD, Sky Blue, Tastatura Internationala","9.499,99"
eMAG,"Laptop Lenovo ThinkPad E16 Gen 2 cu procesor Intel® Core™ Ultra 7 155H pana la 4.80GHz, 16"" WUXGA, IPS, 32GB DDR5, 1TB SSD, Intel® Arc™ Graphics, Win 11 Pro, Black, 3Y Onsite upgrade","9.899,00"
eMAG,"Laptop Lenovo ThinkPad E16 Gen 3 cu procesor Intel® Core 5 210H pana la 4.8GHz, 16"" WUXGA, IPS, 16GB DDR5 RAM, 512GB SSD, Intel® Graphics, Windows® 11 Pro, Black, 3y on-site Premium Care","4.999,99"
eMAG,"Laptop Gaming MSI Cyborg 15 B2RWEKG cu procesor Intel® Core™ 5 210H pana la 4.8GHz, 15.6'', IPS, Full HD, 144Hz, 16GB DDR5 RAM, 512GB SSD, NVIDIA GeForce RTX 5050 8GB GDDR7, No OS, Translucent Black","4.999,99"
eMAG,"Laptop Gaming Lenovo Legion 5 15AKP10 cu procesor AMD Ryzen™ AI 7 350 pana la 5.0GHz, 15.1"" WQXGA, OLED, 24GB DDR5 RAM, 1TB SSD, NVIDIA GeForce RTX™ 5070 8GB GDDR7, No OS, Eclipse Black, 3y on-site Premium Care","9.199,99"
eMAG,"Laptop Lenovo ThinkBook Plus G6 Rollable cu procesor Intel® Core Ultra 7 258V pana la 4.8GHz, Roll In: 14"" (2000x1600) / Roll Out: 16.7"", (2000x2350), POLED, 120Hz, 32GB LPDDR5x RAM, 1TB SSD, Intel® Arc™ Graphics 140V, Windows® 11 Pro, Luna Grey","20.999,99"
eMAG,"Laptop ASUS V16 V3607VH cu procesor Intel® Core™ 5 210H pana la 4.8GHz, 16'', WUXGA, 144Hz, 16GB DDR5 RAM, 1TB SSD, NVIDIA® GeForce RTX™ 5050 8GB GDDR7, No OS, Matte Black","5.273,99"
eMAG,"Laptop Lenovo IdeaPad Slim 5 14IRH10R cu procesor Intel® Core 7 240H pana la 5.2GHz, 14"" WUXGA, OLED, 32GB DDR5 RAM, 1TB SSD, Intel® Graphics, No OS, Luna Grey","4.299,99"
eMAG,"Laptop Gaming ASUS ROG Strix SCAR 18 G835LX cu procesor Intel® Core™ Ultra 9 275HX pana la 5.4GHz, 18"", 2.5K WQXGA, Mini LED, 240Hz, G-Sync, 64GB DDR5, 2TB SSD, NVIDIA® GeForce RTX™ 5090 24GB GDDR7, No OS, Off Black","22.889,99"
eMAG,"Laptop HP OmniBook X Flip Next Gen AI 16-as0020nn cu procesor Intel® Core™ Ultra 7 258V pana la 4.8GHz, 16"", 3K, OLED, 120Hz, Touch, 32GB LPDDR5x RAM, 2TB SSD, Intel® Arc™ 140V, Windows 11 Home, Glacier silver","8.499,99"
eMAG,"Laptop Gaming Razer Blade 18 cu procesor Intel® Core™ Ultra 9 275HX pana la 5.4GHz, 18'', UHD+ 240Hz, FHD+ 440Hz, 32GB DDR5 RAM, 2TB SSD, NVIDIA® GeForce RTX™ 5090 24GB GDDR7, Windows 11 Home, Anodized Black","30.829,61"
eMAG,"Laptop HP Zbook AI 8 G1i cu procesor Intel® Core™ Ultra 9-285H pana la 5.40 GHz, 16'' 2.5K, 64GB DDR5 RAM, 1TB SSD, Intel Arc 140T Graphics, Windows 11 Pro, Meteor Silver","19.483,00"
eMAG,"Laptop Gaming HP OMEN MAX 16-ah0003nn cu procesor Intel® Core™ Ultra 9 275HX pana la 5.4GHz, 16'', WQXGA, OLED, 240Hz, 64GB DDR5 RAM, 2TB SSD, NVIDIA® GeForce RTX™ 5090 24GB GDDR7, Free DOS, Shadow black","19.499,99"
eMAG,"Laptop Lenovo IdeaPad 5 2-in-1 14AKP10 cu procesor AMD Ryzen™ AI 7 350 pana la 5.0GHz, 14'', WUXGA, OLED, Touch, 24GB LPDDR5x RAM, 1TB SSD, AMD Radeon™ 860M Graphics, No OS, Luna Grey","5.383,99"
eMAG,"Laptop Lenovo IdeaPad Pro 5 14IAH10, 83JK0023BM, 14"", Intel Core Ultra 7 255H (16 nuclee), Intel Arc 140T GPU, 24GB 7500MHz LPDDR5X, Gri","8.220,69"
eMAG,"Laptop Lenovo IdeaPad Slim 5 14IRH10, 83HR0012BM, 14"", Intel Core i7-13620H (10-core), Integrated Intel UHD Graphics, 32GB 5600MHz (2x16GB) DDR5, Albastru","5.403,76"
eMAG,"Laptop Lenovo ThinkPad X9-15 Gen 1 Aura Edition, 21Q6001FBM, 15.3"", Intel Core Ultra 7 258V (8-core), Integrated Intel Arc Graphics 140V, 32GB 8533MHz LPDDR5x, Gri","14.135,73"
eMAG,"Laptop Asus ROG Strix SCAR 18 2025 G835LX-SA124X, 90NR0LF1-M005L0, 18"", Intel Core Ultra 9 275HX (24-core), NVIDIA GeForce RTX 5090 (24 GB GDDR7), 64GB 5600MHz (2x32GB) DDR5, Negru","30.308,26"
eMAG,"Laptop Apple MacBook Air 13"" cu procesor Apple M2, 8 nuclee CPU si 8 nuclee GPU, 16GB RAM, 256GB SSD, Midnight, INT KB","4.399,99"
eMAG,"Laptop Gaming Lenovo Legion 5 15IAX10 cu procesor Intel® Core Ultra 7 255HX pana la 5.2GHz, 15.1"" WQXGA, OLED, 165Hz, 32GB DDR5 RAM, 1TB SSD, NVIDIA® GeForce RTX™ 5070 8GB GDDR7, No OS, Eclipse Black, 3y on-site Premium Care","9.499,99"
eMAG,"Laptop MSI Katana 15 HX B14WEK-282XBG, 9S791587C1-282, 15.6"", Intel Core i5-14450HX (10-core), NVIDIA GeForce RTX 5050 (8GB GDDR7), 16GB 4800MHz (2x8GB) DDR5, Negru","7.320,91"
eMAG,"Laptop Lenovo Legion Pro 5 16AFR10, AMD Ryzen 9 9955HX (16-core), NVIDIA GeForce RTX 5060 (8GB GDDR7), 32GB 5600MHz (2x16GB) DDR5, Negru","11.574,42"
eMAG,"Laptop Gaming Lenovo LOQ Essential 15ARP10E cu procesor AMD Ryzen™ 7 170 pana la 4.75GHz, 15.6"" Full HD, IPS, 144Hz, 16GB DDR5 RAM, 512GB SSD, NVIDIA GeForce RTX™ 3050 6GB GDDR6, No OS, Luna Grey, 3Y Courier","3.899,99"
eMAG,"Laptop MSI CYBORG 15 B13WEKG-1004XBG, 9S7-15Q342-1004, 15.6"", Intel Core i7-13620H (10 nuclee), NVIDIA GeForce RTX 5050 (8GB GDDR7), 16GB 5200MHz (1x16GB) DDR5, Negru","6.886,35"
eMAG,"Laptop Lenovo ThinkBook 16 G7 ARP cu procesor AMD Ryzen™ 7 7735HS pana la 4.75 GHz, 16"" WUXGA IPS, 16GB RAM, 512GB SSD, AMD Radeon™ 680M Graphics, No OS","3.499,99"
eMAG,"Laptop Lenovo IdeaPad 5 2-in-1 16AKP10 cu procesor AMD Ryzen™ AI 7 350 pana la 5.0GHz, 16'', WUXGA, IPS, Touch, 16GB LPDDR5x RAM, 1TB SSD, AMD Radeon™ 860M Graphics, Windows® 11 Home, Luna Grey","5.099,99"
eMAG,"Laptop Gaming Lenovo Legion Pro 5 16ADR10 cu procesor AMD Ryzen™ 9 8940HX pana la 5.3GHz, 16"" WQXGA, IPS, 240Hz, 16GB DDR5, 1TB SSD, NVIDIA® GeForceRTX™ 5060 8GB GDDR7, NO OS, Eclipse Black, 3y on-site Premium Care","7.999,99"
eMAG,"Laptop Apple MacBook Air 15"", cu procesor Apple M4, 10 nuclee CPU si 10 nuclee GPU, 16GB RAM, 512GB, Sky Blue, Tastatura Internationala, Manual RO","6.299,99"
eMAG,"Laptop Lenovo ThinkPad E14 Gen 5, 14"" WUXGA, AMD Ryzen 3 7330U, 8GB, 256GB SSD, negru","2.585,00"
eMAG,"Laptop Lenovo IdeaPad Slim 5 16IRH10 cu procesor Intel® Core™ i7-13620H pana la 4.9GHz, 16"" WUXGA, IPS, 16GB DDR5 RAM, 1TB SSD, Intel® UHD Graphics, No OS, Cosmic Blue","de la 3.599,99"
eMAG,"Laptop Lenovo V15 G4 AMN cu procesor AMD Ryzen 5 7520U pana la 4.3 GHz, 15.6"", Full HD, 8GB, 512GB SSD, AMD Radeon™ 610M Graphics, No OS, Business Black, 3Y Courier/Carry-in upgrade","1.999,99"
eMAG,"Laptop Gaming Acer Nitro V 17 AI ANV17-41-R956 cu procesor AMD Ryzen™ 5 240 pana la 5 GHz, 17.3"" FullHD IPS 144Hz, 16 GB DDR5, 1 TB SSD, NVIDIA® GeForce RTX™ 5050, no OS, Black","5.099,99"
eMAG,"Laptop MSI Cyborg 15 A13VEK, 9S7-15K111-2292, 15.6"", Intel Core i5-13420H (8 nuclee), NVIDIA GeForce RTX 4050 (6GB GDDR6), 16GB 5200MHz (1x16GB) DDR5, Negru","5.695,16"
eMAG,"Laptop Gaming ASUS TUF A17 cu procesor AMD Ryzen™ 7 7445HS pana la 4.7GHz, 17.3'', Full HD, 144Hz, IPS, 16GB DDR5 RAM, 512GB SSD, NVIDIA® GeForce RTX™ 4050 6GB GDDR6, No OS, Mecha Grey","4.699,99"
eMAG,"Laptop HP 15-fc0038nq cu procesor AMD Ryzen™ 7 5825U pana la 4.5GHz, 15.6'', Full HD, 16GB DDR4 RAM, 1TB SSD, AMD Radeon™ Graphics, Free DOS, Grey","2.599,99"
eMAG,"Laptop Lenovo Legion 5 15AKP10, 83F10065BM, 15.1"", AMD Ryzen AI 7 350 (8-core), NVIDIA GeForce RTX 5070 (8GB GDDR7), 32GB 5600MHz (2x16GB) DDR5, Negru","11.599,98"
eMAG,"Laptop ASUS ExpertBook P5 P5405CSA cu procesor Intel® Core™ Ultra 7 258V pana la 4.8GHz, 14'', WQXGA, 144Hz, 32GB RAM LPDDR5X, 512GB SSD, Intel® Arc™ 140V GPU, No OS, Misty Grey","5.499,99"
eMAG,"Laptop Gaming MSI Katana 15 HX B14WEK cu procesor Intel® Core™ i7-14650HX pana la 5.2GHz, 15.6"" QHD, 165Hz, 16GB DDR5 RAM, 512GB SSD, NVIDIA® GeForce RTX™ 5050 GDDR7, No OS, Black","5.199,99"
eMAG,"Laptop Apple MacBook Air 15"", cu procesor Apple M4, 10 nuclee CPU si 10 nuclee GPU, 16GB RAM, 256GB, Starlight, Tastatura Internationala, Manual RO","5.989,99"
eMAG,"Laptop Asus Vivobook S 16 S3607CA-RP037, S3607CA-RP037, 16"", Intel Core Ultra 7 255H (16 nuclee), Intel Arc 8 Core, 16GB DDR5 integrat, Argintiu","6.697,19"
eMAG,"Laptop Lenovo IdeaPad Slim 5 15ARP10, 83J30054BM, 16"", AMD Ryzen 7 7735HS (8-core), AMD Radeon 680M, 16GB 6400MHz LPDDR5x, Verde","4.279,03"
eMAG,"Laptop HP Spectre x360 2-in-1 16'' 3K OLED, U7-155H, 32GB, 1TB, Win 11 Pro","15.998,20"
eMAG,"Laptop Lenovo ThinkBook 16 G9, Intel Core i5, 32GB, 1TB SSD, Gri","6.150,13"
eMAG,"Laptop MSI Katana 15 HX B14WEK-899XBG, 9S7-1587C1-899, 15.6"", Intel Core i7-14650HX (16-core), NVIDIA GeForce RTX 5050 (8GB GDDR7), 16GB 5600MHz (1x16GB) DDR5, Negru","7.765,68"
eMAG,Laptop Lenovo ThinkPad L13 Gen 6 Intel Core Ultra 5 225U 33.8 cm 13.3Inch WUXGA 16 GB LPDDR5x-SDRAM 512 GB SSD Wi-Fi 6E (802.11ax) Windows 11 Pro English Black,"9.473,31"
eMAG,"Laptop 15.6"" cu procesor Intel Alder Lake N95, 16GB RAM, 256GB SSD, 1920*1080 FHD, Windows 11 Pro, Intel® UHD Graphics 600, 5GHz Wifi, 5000mAh, Argintiu","1.649,23"
eMAG,Laptop ASUS Expertbook B1 BM1503CDA-S71793X Ryzen 5 150 15.6Inch FHD 16GB RAM 512GB Windows 11 Pro Gentle Grey,"3.927,99"
eMAG,"Laptop Lenovo IdeaPad Slim 5 14IRH10 cu procesor Intel® Core™ i7-13620H pana la 4.9GHz, 14"" WUXGA, IPS, 32GB DDR5 RAM, 1TB SSD, Intel® UHD Graphics, No OS, Luna Grey","3.849,99"
eMAG,"Apple MacBook Pro 16'' cu procesor Apple M5 Pro, 18 nuclee CPU, 20 nuclee GPU, 24GB RAM, 1TB SSD, Silver, Tastatura Internationala, Manual RO","14.999,99"
eMAG,"Laptop Lenovo Legion 5 15AKP10, 83F10064BM, 15.1"", AMD Ryzen AI 7 350 (8-core), NVIDIA GeForce RTX 5060 (8GB GDDR7), 32GB 5600MHz (2x16GB) DDR5, Negru","10.475,26"
eMAG,"Laptop Acer Aspire Go AG15-42P, NX.J7XEX.002, 15.6"", AMD Ryzen 7 5825U (8-core), AMD Radeon Graphics, 16GB 4600MHz (1x16GB) DDR5, argintiu","3.815,21"
eMAG,"Laptop Asus TUF Gaming A15 FA506NCG-HN211, 15.6 inch 1920 x 1080, AMD 7445HS 6 C / 12 T, 3.55 GHz - 4.7 GHz, 6 MB 16 MB cache, 16 GB DDR5, 512 GB SSD, Nvidia GeForce RTX 3050, Fara sistem de operare, Negru","3.995,00"
eMAG,"Laptop Gaming Lenovo Legion 5 15AHP11 cu procesor AMD Ryzen™ 7 250 pana la 5.1GHz, 15.3"" WQXGA, OLED, 16GB DDR5 RAM, 1TB SSD, NVIDIA GeForce RTX™ 5060 8GB GDDR7, No OS, Eclipse Black, 3y on-site Premium Care","6.999,99"
eMAG,"Laptop Lenovo IdeaPad Slim 3 15AMN8 cu procesor AMD Ryzen™ 3 30 pana la 4.1GHz, 15.6"" Full HD, 8GB LPDDR5 RAM, 512GB SSD, AMD Radeon™ 610M Graphics, No OS, Arctic Grey, 3Y Courier","1.799,99"
eMAG,"Laptop Lenovo IdeaPad Slim 5 16IRH10R cu procesor Intel® Core™ 7 240H pana la 5.2GHz, 16"" 2.8K, OLED, 120Hz, 32GB DDR5 RAM, 1TB SSD, Intel® Graphics, No OS, Luna Grey","4.899,99"
eMAG,"Laptop Gaming ASUS TUF F17 cu procesor Intel® Core™ 5 210H pana la 4.8GHz, 17.3'', Full HD, 144Hz, IPS, 16GB DDR4 RAM, 512GB SSD, NVIDIA® GeForce RTX™ 3050 6GB GDDR6, No OS, Mecha Gray","3.999,99"
eMAG,Laptop ASUS TUF A16 FHD+ 16 inch AMD Ryzen 7 170 16GB 512GB SSD RTX 4050 Free Dos Mecha Gray,"5.677,58"
eMAG,"Laptop ASUS Vivobook 16 A1605VA cu procesor Intel® Core™ i5-13420H pana la 4.6GHz, 16'', WUXGA, IPS, 16GB DDR4 RAM, 512GB SSD, Intel® UHD Graphics, No OS, Cool Silver","2.909,99"
eMAG,"Laptop Lenovo IdeaPad Slim 3 15AHP10 cu procesor AMD Ryzen™ 7 8840HS pana la 5.1GHz, 15.3"" WUXGA IPS, 16GB DDR5 RAM, 512GB SSD,AMD Radeon™ 780M Graphics, No OS, Cosmic Blue","2.999,99"
eMAG,"Blackview Acebook 8 Laptop 16GB DDR4 512GB SSD, Intel N97 3.6GHz/ Intel UHD Graphics, Windows 11, 38Wh, 15.6"" FHD+, HDMI 2.0, Bluetooth, USB 3.0, Senzor de amprenta, WLAN 5G /Gri","2.099,99"
eMAG,"Laptop HP 14, 32.37x21.5x1.79 cm, Procesor Intel N150, Memorie Ram 8 Gb, Stocare 128 Gb Ssd, Sistem De Operare Windows 11 Home, Waterfall Blue","1.614,38"
eMAG,"Laptop Gaming Lenovo Legion Pro 5 16ADR10 cu procesor AMD Ryzen™ 7 8745HX pana la 5.1GHz, 16"" WQXGA, OLED, 24GB DDR5 RAM, 1TB SSD, NVIDIA GeForce RTX™ 5060 8GB GDDR7, No OS, Eclipse Black, 3y on-site Premium Care","8.199,99"
eMAG,"Laptop Dell Pro 14 Plus PB14255, 14 inch 1920 x 1200, AMD Ryzen 7 250 8 C / 16 T, 3.3 GHZ - 5.1 GHz, 8 MB 16 MB cache, 16 GB LPDDR5X, 512 GB SSD, AMD Radeon Graphics, Windows 11 Pro","10.205,40"
eMAG,"Set Laptop Asus Vivobook 14, Procesor Intel Core I3 1315U, Memorie 16Gb Ram Ddr4, Stocare 512Gb Ssd M.2 Pcie, Sistem De Operare Windows 11 Home, Culoare Quiet Blue, Portabilitate Maxima","2.450,99"
eMAG,"Laptop Blackview GamiBook 8, 16"" FHD+ 1920x1200 LCD, Win11 Pro, 8 cores12 threads, 2*SODIMM LPDDR4, WIFI 6, 16GB(8GB + 8GB dual channel), 512 GB, Real-time Clock, Time Boot, 1.8 kg, Gri","2.846,66"
eMAG,"Laptop Gigabyte AERO X16 - AMD Ryzen AI 7 350, 16"", FHD+, 165Hz, 16GB, 1TB, W11H, RTX 5050","6.211,99"
eMAG,"Laptop Dell 16 Premium DA16250, 16 inch 1920 x 1200, Intel 255H 16 C / 26 T, 2.5 GHz - 5.1 GHz, 24 MB cache, 28 W, 32 GB LPDDR5X, 1 TB SSD, Nvidia GeForce RTX 5060, Windows 11 Pro","15.434,99"
